,Anderson County,Bedford County,Benton County,Bledsoe County,Blount County,Bradley County,Campbell County,Cannon County,Carroll County,Carter County,Cheatham County,Chester County,Claiborne County,Clay County,Cocke County,Coffee County,Crockett County,Cumberland County,Davidson County,Decatur County,DeKalb County,Dickson County,Dyer County,Fayette County,Fentress County,Franklin County,Gibson County,Giles County,Grainger County,Greene County,Grundy County,Hamblen County,Hamilton County,Hancock County,Hardeman County,Hardin County,Hawkins County,Haywood County,Henderson County,Henry County,Hickman County,Houston County,Humphreys County,Jackson County,Jefferson County,Johnson County,Knox County,Lake County,Lauderdale County,Lawrence County,Lewis County,Lincoln County,Loudon County,McMinn County,McNairy County,Macon County,Madison County,Marion County,Marshall County,Maury County,Meigs County,Monroe County,Montgomery County,Moore County,Morgan County,Obion County,Overton County,Perry County,Pickett County,Polk County,Putnam County,Rhea County,Roane County,Robertson County,Rutherford County,Scott County,Sequatchie County,Sevier County,Shelby County,Smith County,Stewart County,Sullivan County,Sumner County,Tipton County,Trousdale County,Unicoi County,Union County,Van Buren County,Warren County,Washington County,Wayne County,Weakley County,White County,Williamson County,Wilson County
Anderson County,12101,30,2,3,1071,151,446,3,1,15,7,1,147,1,40,45,0,70,1048,0,5,9,3,2,16,7,5,11,87,104,2,252,596,7,1,2,20,1,3,0,0,0,9,0,183,3,12028,0,3,2,0,1,459,92,0,8,42,8,3,54,8,160,64,2,197,0,3,0,0,4,118,21,883,22,236,129,2,519,502,6,0,170,71,4,0,19,109,0,21,184,2,13,11,308,81
Bedford County,53,7228,2,6,34,72,3,53,12,5,51,19,2,1,1,981,0,22,3410,7,41,101,25,12,4,166,18,142,2,8,1,31,311,0,5,17,3,2,22,15,18,1,10,0,2,2,193,2,5,96,23,240,19,24,4,18,98,14,669,476,1,15,165,187,1,15,9,9,0,0,92,14,21,83,4025,1,9,12,350,7,1,35,219,31,2,4,0,1,52,23,6,15,33,1264,392
Benton County,11,12,2127,0,10,14,2,1,285,3,12,6,0,0,2,12,8,4,403,47,0,117,21,4,1,3,84,2,0,2,1,5,56,0,6,8,0,9,65,503,25,4,578,0,1,0,68,1,6,16,14,5,10,4,12,0,296,3,7,33,0,4,154,0,2,65,2,8,2,0,18,1,5,28,74,2,0,2,129,2,10,14,31,7,3,0,0,0,7,6,12,110,2,138,26
Bledsoe County,63,23,0,999,33,147,6,4,1,2,4,0,0,0,4,51,0,268,267,0,6,4,3,1,2,37,1,2,0,5,21,20,938,0,0,0,2,0,2,1,1,0,0,1,8,0,209,0,0,1,0,7,21,53,0,1,10,43,0,16,19,10,10,0,4,1,4,1,0,3,105,519,14,6,77,1,314,15,78,4,2,16,15,1,0,0,0,21,69,23,0,2,47,64,29
Blount County,2117,67,1,5,24816,347,128,4,4,93,16,0,76,2,75,62,0,103,1374,0,12,40,12,3,24,20,2,6,22,229,6,382,1003,1,3,5,69,1,4,5,2,0,11,6,221,23,18313,1,1,13,0,19,1365,219,3,13,46,35,20,74,1,1167,79,2,24,12,10,0,1,6,209,54,263,44,302,25,11,2283,559,7,0,311,109,11,1,20,45,1,37,441,0,8,20,341,146
Bradley County,273,44,3,42,413,21664,26,2,6,12,12,3,18,0,18,109,4,112,1821,2,15,41,16,4,13,66,2,21,6,41,8,148,12131,1,4,10,21,2,12,6,4,1,9,7,24,2,1615,0,4,21,3,34,284,1389,2,15,51,95,16,86,131,285,73,13,14,5,5,5,1,367,185,382,116,56,485,14,69,118,600,5,14,107,119,6,1,3,4,0,56,117,5,2,37,452,189
Campbell County,2427,5,2,29,382,63,4513,2,2,11,4,0,252,3,70,25,0,128,383,2,6,9,0,3,34,1,3,3,77,84,1,243,226,7,1,4,45,0,8,5,5,2,3,2,153,4,3123,0,2,12,3,4,142,50,2,20,27,12,5,16,8,65,30,0,54,9,38,0,1,0,108,17,210,8,85,159,5,257,115,0,0,59,36,2,0,2,97,1,15,47,2,3,16,55,29
Cannon County,24,85,0,5,25,30,5,917,2,8,11,0,3,0,2,207,1,31,1049,1,116,17,2,0,8,23,0,3,1,8,4,12,110,0,0,2,1,0,2,1,0,0,4,2,1,0,110,1,1,3,1,8,7,9,2,3,8,6,11,25,0,2,26,6,5,2,14,0,1,1,108,21,8,44,2260,3,6,12,31,17,0,20,124,0,6,0,0,0,197,14,0,4,29,291,264
Carroll County,21,21,350,0,27,31,4,0,3317,6,19,14,1,1,1,20,13,9,793,43,3,73,26,3,2,6,784,10,0,3,3,13,103,0,7,18,3,10,301,850,19,4,136,0,4,0,115,4,5,13,11,6,5,8,15,6,763,4,12,72,0,6,232,0,1,107,3,7,0,0,29,12,4,60,130,1,2,2,219,2,8,24,59,16,1,0,0,0,8,15,6,477,4,272,62
Carter County,119,11,4,5,134,56,28,0,4,5902,7,0,70,1,98,12,0,19,336,0,2,8,9,0,6,1,2,2,25,511,0,330,229,15,0,1,202,18,3,0,0,0,5,0,95,281,716,0,1,4,0,1,43,29,1,1,29,5,4,21,2,31,55,0,7,0,1,0,0,0,45,10,22,4,41,7,1,188,182,1,0,2937,16,2,0,430,8,0,9,7141,1,2,7,122,48
Cheatham County,30,33,17,1,33,39,6,5,8,3,2910,5,2,0,1,56,1,19,10688,5,12,352,16,7,2,15,10,6,0,8,1,18,167,0,6,3,0,3,1,9,43,4,49,1,11,0,252,0,1,15,13,7,6,5,2,13,65,6,23,182,1,13,931,1,1,7,6,5,0,0,79,6,9,530,691,1,1,14,397,7,19,35,492,4,3,0,0,0,16,30,4,20,12,1543,410
Chester County,3,15,16,1,5,4,0,0,32,2,1,1829,0,0,0,11,31,3,254,51,2,23,80,21,0,3,107,7,0,3,0,4,37,0,132,60,0,28,258,31,3,0,7,0,1,0,37,4,19,4,5,2,0,6,185,2,2368,3,3,33,1,2,44,0,0,38,3,1,0,0,14,1,2,10,75,0,0,1,598,0,2,6,15,21,1,0,0,0,6,5,11,33,4,80,22
Claiborne County,361,8,2,15,194,42,435,1,2,7,3,0,4807,1,46,22,0,64,297,0,5,6,3,0,22,2,1,4,222,213,1,424,173,54,0,3,64,1,4,1,4,1,7,2,173,3,1507,0,2,8,1,3,62,39,0,31,18,12,6,17,1,37,30,1,20,6,20,0,2,1,79,19,62,14,69,26,0,121,82,1,1,45,34,3,0,0,169,0,8,35,2,6,14,53,28
Clay County,6,16,0,1,14,12,5,0,1,2,7,0,0,812,0,23,0,27,267,0,6,5,1,0,15,6,0,1,0,9,3,8,68,0,0,0,1,0,6,2,2,0,0,62,5,1,57,2,0,2,1,3,4,9,0,197,6,5,2,13,0,4,16,0,1,0,245,1,4,0,275,7,12,19,81,4,2,5,17,35,0,9,89,0,17,1,1,4,19,5,0,2,38,45,58
Cocke County,172,17,0,4,196,56,53,0,1,15,0,0,69,1,3699,14,0,38,400,0,2,9,3,3,9,7,4,4,114,611,0,1345,215,6,1,1,83,0,2,0,0,0,3,0,1016,4,1493,0,0,2,0,8,47,36,4,3,8,5,2,25,0,73,15,0,8,2,8,0,0,2,41,8,30,9,94,15,2,3460,159,3,0,227,28,5,0,17,33,0,14,150,0,2,3,114,44
Coffee County,44,1008,4,14,42,53,6,84,7,3,22,13,1,3,5,9694,0,23,1753,4,28,48,19,9,9,954,10,90,4,6,81,29,523,0,4,8,1,4,12,12,12,1,6,1,4,2,222,2,9,58,7,237,12,31,9,14,81,144,156,245,1,14,129,341,1,17,11,4,0,2,143,21,10,64,3262,4,29,10,401,16,0,51,152,22,0,1,2,3,626,24,9,14,50,618,261
Crockett County,7,13,12,0,4,4,0,0,29,0,1,23,1,0,0,8,1707,4,187,14,0,5,300,13,0,1,384,5,0,4,0,1,30,0,19,6,0,205,27,44,0,1,5,0,0,0,37,6,132,3,6,5,1,2,6,0,1691,3,4,22,1,2,21,0,0,147,2,1,0,0,14,1,2,8,54,0,2,1,297,0,3,3,15,32,3,0,0,0,2,3,3,48,1,43,11
Cumberland County,216,56,4,239,126,119,42,53,2,16,22,1,11,13,12,125,3,10682,1497,0,81,26,5,6,165,34,2,9,2,32,13,79,453,0,1,7,13,1,11,13,6,0,12,22,15,5,814,0,4,16,3,34,61,89,3,37,46,30,17,83,25,35,88,7,138,7,113,0,4,1,1528,238,463,46,529,51,25,87,169,55,5,87,179,3,10,3,2,8,166,51,2,6,261,362,341
Davidson County,297,524,41,30,815,562,65,72,64,49,1146,28,25,9,41,648,31,188,235088,47,150,1028,96,84,30,197,86,143,17,100,7,248,3473,0,47,55,23,15,92,102,189,25,73,5,46,4,4623,14,38,138,69,204,102,125,26,76,764,79,243,1535,1,81,2131,65,88,75,49,12,2,7,883,129,71,1936,15966,29,29,427,7689,75,15,358,7171,116,37,8,6,2,239,379,92,153,101,34916,9665
Decatur County,2,13,68,0,3,6,0,0,33,2,4,50,0,0,0,6,6,3,132,1526,0,17,16,12,0,1,55,4,0,3,0,5,25,0,44,75,0,14,513,38,5,1,42,0,0,2,32,0,7,11,20,4,0,5,49,2,492,1,2,21,0,2,26,0,0,12,2,85,0,0,10,1,1,10,48,0,0,1,370,1,5,4,15,17,0,0,0,0,5,3,59,25,1,48,16
DeKalb County,20,44,5,1,23,27,10,82,1,7,15,0,1,5,2,149,1,72,1417,2,2339,13,4,2,22,28,1,4,0,13,7,17,148,0,0,3,6,0,4,1,0,0,1,15,10,1,148,0,1,10,1,18,15,14,1,39,14,5,11,41,4,7,40,4,11,1,30,0,2,1,540,20,20,40,879,14,10,10,64,181,2,32,231,3,11,0,0,6,284,19,2,4,163,293,784
Dickson County,36,38,19,0,64,43,6,3,1,3,656,5,0,0,2,65,1,16,8197,3,17,8153,12,11,4,13,13,16,0,9,1,26,269,0,5,12,1,5,5,18,344,54,264,0,11,0,340,2,4,21,10,16,15,15,4,16,83,14,31,346,0,9,943,2,4,10,5,1,1,0,130,3,9,228,783,4,2,23,486,4,31,52,441,11,7,0,0,0,34,38,5,33,14,2244,398
Dyer County,10,33,22,1,13,18,0,0,52,7,12,34,3,0,1,19,212,3,521,18,1,21,8008,33,0,4,354,14,0,6,0,11,111,0,23,32,0,65,77,89,11,5,16,0,0,0,102,150,620,13,5,10,0,6,22,4,1220,4,10,43,0,6,83,2,0,367,4,2,0,0,28,3,1,19,151,1,0,8,726,3,2,12,32,135,0,0,0,0,5,12,10,165,2,150,20
Fayette County,16,8,7,1,22,7,4,0,6,6,1,35,0,0,2,9,33,3,542,3,0,16,138,3074,0,3,107,6,0,5,0,6,93,0,294,12,2,121,25,11,1,0,8,0,2,0,124,8,61,7,2,6,2,0,27,2,500,1,4,27,0,0,41,0,0,19,3,1,0,1,15,3,0,13,98,0,0,9,12960,0,2,23,34,223,1,0,0,0,1,27,5,20,3,152,38
Fentress County,24,37,1,20,30,25,7,6,3,6,9,0,3,5,3,51,0,712,453,2,25,16,3,1,1979,19,2,1,0,8,5,12,122,0,0,5,2,2,4,0,5,2,3,30,7,1,154,1,1,7,1,17,11,10,0,98,6,11,13,28,5,11,36,0,78,0,146,1,67,0,700,29,59,16,190,108,8,13,49,15,2,20,73,3,3,0,1,2,39,21,1,4,49,115,74
Franklin County,31,382,4,17,37,56,4,28,5,5,13,4,2,3,5,3372,0,14,1331,4,26,36,24,7,3,5716,9,95,3,6,78,20,365,0,4,12,2,4,7,5,3,1,13,1,6,1,186,5,4,50,6,384,19,22,4,14,55,203,92,162,1,7,68,278,5,21,9,3,1,1,111,23,12,37,1807,4,32,13,319,10,1,26,101,18,1,2,1,4,116,24,8,5,32,419,173
Gibson County,17,46,80,3,26,28,3,1,356,4,7,97,1,0,0,24,359,8,742,64,4,42,818,49,2,8,7213,31,0,13,0,13,138,0,54,33,0,153,172,228,6,4,17,0,1,2,109,42,151,12,9,17,0,7,23,5,6054,4,20,63,0,5,116,2,2,919,3,4,0,1,35,7,5,33,217,0,1,10,1002,2,8,17,59,91,3,0,0,0,13,10,17,587,2,216,57
Giles County,25,99,9,13,26,30,5,8,8,0,20,9,0,0,3,62,3,11,1177,15,12,75,15,9,1,23,18,4838,1,4,1,13,145,0,7,29,0,11,42,10,17,3,21,1,2,0,122,3,2,536,29,339,8,16,18,4,60,7,494,1230,1,5,78,18,3,10,4,14,1,1,56,9,10,38,252,2,1,7,240,7,1,29,96,19,3,1,0,0,30,14,36,17,6,677,82
Grainger County,133,16,0,4,120,51,33,1,2,14,2,0,175,0,85,20,0,26,232,0,0,6,3,0,3,4,1,3,1660,165,0,1695,130,51,0,2,172,0,1,2,0,0,1,0,669,7,1994,0,0,3,0,2,43,24,2,0,7,6,1,20,1,45,9,1,4,3,1,0,0,4,31,8,14,5,53,6,2,317,87,1,0,141,18,2,0,10,145,0,9,98,0,0,9,64,25
Greene County,124,16,5,7,160,66,31,0,2,358,2,2,67,0,281,9,1,25,434,1,1,8,9,1,10,4,1,1,36,13768,0,1500,286,11,2,1,640,14,5,2,2,0,1,0,293,46,939,0,4,0,0,3,56,28,0,3,28,6,5,20,0,42,76,1,13,2,3,0,1,1,65,11,22,6,61,10,3,242,264,2,0,1875,31,1,0,156,13,0,10,2905,1,0,10,164,48
Grundy County,58,23,1,9,29,74,4,19,0,0,1,0,1,0,2,612,0,22,233,0,23,1,6,0,5,429,0,0,1,5,1070,14,491,0,0,0,8,1,1,0,0,0,0,0,2,0,181,0,1,5,1,4,16,30,0,1,9,381,4,11,6,15,10,8,6,0,1,0,0,6,74,26,20,8,61,1,78,22,82,1,1,14,8,0,0,0,0,3,236,13,0,0,18,45,22
Hamblen County,296,45,1,2,360,106,91,1,0,37,4,1,198,2,442,33,0,73,606,0,7,13,6,1,9,15,1,2,449,789,1,12778,435,38,2,2,422,0,3,2,3,0,5,0,1993,9,2791,0,1,6,0,7,78,47,1,5,22,21,7,34,2,94,39,0,9,3,8,0,1,2,115,11,44,19,142,18,5,1249,289,2,0,388,55,0,0,13,44,1,4,303,0,1,5,175,64
Hamilton County,424,138,9,74,793,5000,91,20,11,63,32,5,49,5,57,373,7,233,6234,2,34,75,65,8,42,199,14,64,11,151,33,562,112810,3,13,24,51,8,45,29,10,5,25,1,112,8,4677,0,10,59,6,80,165,524,10,37,239,834,59,326,165,189,345,11,56,19,19,3,3,63,651,1061,172,179,1711,52,367,356,2010,19,38,358,376,31,8,11,9,7,183,372,13,25,102,1623,622
Hancock County,31,2,0,1,37,7,27,0,0,2,1,1,172,0,15,3,0,16,58,1,3,1,1,0,4,3,0,2,98,35,0,321,29,610,0,1,130,0,1,0,0,0,1,0,75,0,195,0,1,1,0,0,13,9,0,2,3,1,2,2,1,18,7,0,4,0,1,0,1,0,17,3,11,1,10,2,2,59,23,0,0,11,7,1,0,0,7,0,2,5,1,2,3,11,5
Hardeman County,6,19,23,0,10,7,1,1,40,4,3,133,1,0,0,10,30,3,382,53,0,24,58,551,0,4,108,14,0,3,1,7,71,0,3094,61,0,131,53,59,7,0,18,0,0,3,80,2,36,26,12,7,0,4,147,4,1336,2,3,47,0,3,59,1,0,37,2,13,0,0,26,2,1,14,119,0,0,4,932,1,4,11,26,56,1,0,0,0,5,6,46,31,1,94,25
Hardin County,12,24,31,1,10,13,1,0,43,2,1,109,0,0,0,13,30,5,360,64,1,30,61,43,1,5,91,15,0,2,0,8,58,0,122,4541,1,33,142,85,11,3,17,0,2,1,57,3,26,22,22,8,0,6,612,2,591,2,7,51,0,6,55,1,0,31,4,10,0,0,17,4,1,23,87,0,4,0,755,1,2,10,41,36,2,0,0,0,7,6,200,41,1,113,32
Hawkins County,134,15,3,4,142,46,21,0,1,220,3,3,109,0,57,10,0,18,340,0,2,7,2,1,5,4,2,3,290,898,2,1811,245,86,1,3,6281,16,2,1,2,0,3,0,252,27,740,0,1,3,0,4,38,26,0,2,25,7,0,30,1,21,63,0,10,5,7,1,0,1,45,13,20,7,49,6,2,188,211,1,2,5310,37,1,0,128,17,0,3,2013,2,1,2,114,43
Haywood County,3,17,19,1,6,4,1,0,27,1,3,47,0,0,1,3,362,1,233,17,0,14,74,245,2,0,112,3,0,5,0,4,44,0,156,24,0,2525,33,29,1,3,16,0,1,3,48,5,207,13,5,4,0,1,28,4,1436,0,7,33,0,1,35,4,0,28,0,12,0,0,12,4,0,14,85,0,1,2,724,0,3,8,19,233,2,0,0,0,3,5,26,24,1,69,20
Henderson County,8,18,56,1,12,9,4,0,168,4,4,169,0,0,0,5,47,6,353,524,0,28,67,31,0,6,221,14,0,7,0,5,93,0,90,104,0,37,4116,101,10,1,47,0,0,1,64,1,22,32,21,8,0,4,66,3,2629,1,6,39,0,6,59,1,1,29,2,24,0,0,21,1,2,15,86,1,0,2,788,2,6,13,32,36,0,0,0,0,7,10,43,52,4,144,24
Henry County,25,29,333,1,34,44,7,1,423,2,26,16,3,0,2,23,16,13,849,25,2,92,32,10,2,10,197,8,3,4,3,19,130,0,13,20,5,9,64,6156,20,16,98,0,4,0,131,0,6,15,17,3,5,10,13,9,602,6,17,74,0,6,380,1,3,125,4,14,0,1,45,9,6,65,150,0,0,13,211,3,77,33,60,15,1,4,0,1,8,11,10,422,6,278,63
Hickman County,15,43,12,7,15,19,3,0,15,3,47,3,2,0,0,58,1,18,1092,14,16,1371,13,8,3,12,9,35,0,5,1,13,95,0,9,33,1,3,27,9,1930,6,68,0,2,0,111,2,3,66,112,37,12,5,15,4,71,7,47,526,0,3,70,3,1,10,3,46,0,1,55,3,5,34,187,3,7,5,191,9,4,22,70,21,1,1,1,1,21,11,20,10,10,1344,68
Houston County,3,6,20,1,8,10,1,0,3,0,10,3,0,0,0,9,7,2,210,16,1,313,11,3,1,0,11,1,1,0,1,1,29,0,5,5,0,5,7,17,15,701,180,0,0,0,45,1,1,6,8,1,3,3,1,0,138,3,2,13,1,0,423,0,1,41,0,3,1,0,7,1,1,11,46,0,1,3,45,0,278,7,16,3,0,0,0,0,3,7,1,17,2,87,20
Humphreys County,8,22,220,3,8,14,1,0,45,1,36,11,3,0,0,17,9,11,560,18,2,1160,30,6,2,6,32,6,3,1,2,7,73,0,5,13,0,10,33,55,100,49,2755,0,3,0,84,0,1,11,8,5,6,7,4,3,346,1,8,40,0,7,248,2,2,70,1,11,1,2,22,6,6,31,66,2,0,6,142,1,38,13,41,10,0,0,0,0,12,9,8,27,2,179,35
Jackson County,16,28,1,3,18,18,8,8,0,2,4,1,1,36,2,58,0,65,638,0,27,7,1,2,24,15,0,1,1,9,7,10,70,0,0,2,3,0,5,2,0,0,0,759,6,3,85,0,1,5,1,4,10,6,0,55,9,3,8,11,1,3,12,1,8,0,133,0,3,0,1571,9,15,32,195,5,3,8,43,177,0,12,111,0,24,2,0,2,48,13,0,1,70,121,154
Jefferson County,325,39,0,3,611,107,50,1,1,32,7,0,56,2,643,35,0,86,520,0,1,10,11,0,12,5,3,1,220,223,3,3315,366,6,0,2,56,1,6,3,1,0,6,2,4627,10,5420,0,2,10,0,1,87,40,0,3,19,16,8,28,2,68,27,0,13,6,3,0,0,3,80,23,54,16,117,11,5,3483,220,4,0,223,54,3,1,12,70,0,7,204,1,6,12,164,42
Johnson County,35,3,1,1,42,15,12,0,0,223,1,0,24,1,21,6,0,4,105,0,1,1,3,0,1,0,2,0,10,90,0,32,63,4,0,0,48,5,4,0,0,0,1,0,43,2514,258,0,0,0,0,5,15,12,1,0,11,2,2,6,0,6,30,0,4,1,2,0,0,0,13,4,10,1,14,2,0,56,70,1,0,332,8,2,0,47,3,0,4,443,0,1,2,28,12
Knox County,17568,167,15,42,12619,831,697,6,9,152,26,1,468,1,245,253,0,447,6448,10,27,76,14,10,90,68,29,34,340,559,8,1457,3602,19,9,8,151,7,18,17,7,0,40,2,1362,37,136530,4,7,42,0,45,2885,482,10,30,262,57,54,296,29,819,375,12,185,5,74,0,3,12,733,131,1358,146,1319,154,51,5991,3211,22,0,1077,437,15,4,86,584,2,99,1193,19,56,85,2020,442
Lake County,1,6,7,1,8,5,2,0,7,1,1,4,0,0,0,3,17,1,107,3,0,3,393,11,0,1,40,2,0,1,0,1,25,0,2,1,0,10,7,7,2,0,0,1,1,2,20,634,38,1,1,1,0,0,1,1,96,2,1,7,0,0,20,2,2,192,0,0,0,0,6,0,0,7,24,0,0,2,152,0,1,1,8,9,1,0,0,0,2,1,3,41,1,34,13
Lauderdale County,7,5,2,0,13,7,1,0,7,4,0,30,0,0,2,5,111,2,324,3,0,9,888,107,0,2,132,5,0,2,0,5,63,0,71,5,5,281,9,3,2,0,3,0,2,0,91,9,3581,5,1,3,0,1,29,1,712,0,1,19,0,0,20,0,0,15,1,0,0,0,8,0,0,4,52,0,0,8,1677,0,0,14,26,988,0,0,0,0,0,13,3,13,1,98,21
Lawrence County,46,102,12,14,28,41,4,3,16,5,35,17,3,0,1,102,3,15,1645,18,19,133,22,12,3,29,24,1032,2,9,2,14,194,0,17,56,2,7,68,20,50,4,44,1,4,0,182,5,5,7001,171,185,13,15,31,10,105,10,176,2282,1,9,121,14,3,15,4,25,0,0,71,11,6,59,396,2,5,13,283,14,7,33,148,16,3,1,1,0,23,21,245,23,10,842,108
Lewis County,11,27,3,6,5,21,1,1,4,0,8,5,1,1,0,30,0,8,457,15,8,65,8,2,0,10,6,57,0,3,0,6,42,0,9,19,3,3,17,9,136,2,14,0,0,0,53,0,0,190,1720,22,5,5,5,1,30,1,47,800,0,2,25,3,2,10,2,54,0,0,28,5,0,12,104,0,4,1,95,4,5,11,32,5,0,0,0,0,13,6,78,10,3,379,24
Lincoln County,21,335,3,7,21,42,1,15,6,2,11,2,2,1,2,400,2,12,1122,0,35,28,11,4,4,271,7,392,3,1,9,12,318,0,0,9,0,3,9,9,7,1,5,0,4,0,131,1,7,36,7,5104,12,14,2,8,41,38,449,195,1,6,65,274,3,13,7,0,0,2,80,12,7,40,738,2,13,6,236,15,1,36,90,21,0,3,0,0,78,15,5,5,23,331,170
Loudon County,1753,25,0,13,1826,253,56,0,0,44,2,2,39,1,20,31,0,167,581,0,4,11,9,1,30,9,5,6,8,71,1,147,458,1,0,2,20,2,4,2,1,1,3,0,46,11,6958,1,1,3,0,1,5339,377,0,1,13,14,5,37,28,1394,24,2,37,6,20,0,1,15,86,82,446,18,137,22,19,244,241,2,0,115,48,2,0,10,19,0,9,160,1,3,12,161,57
McMinn County,126,22,1,25,153,2496,15,2,2,9,5,5,7,0,11,72,0,66,853,0,5,11,12,3,3,24,2,8,3,19,4,70,2069,1,4,4,10,0,3,7,3,1,3,1,14,2,820,0,0,14,2,14,315,9038,2,5,30,61,5,39,428,1844,45,6,6,2,5,0,1,132,101,259,80,16,274,7,58,64,287,4,5,49,62,3,0,1,5,1,22,56,4,5,15,213,99
McNairy County,8,19,24,1,7,11,3,0,37,3,1,347,1,0,0,9,32,10,341,62,0,30,47,60,0,7,121,12,0,3,0,9,69,0,418,891,0,48,149,78,8,3,21,0,2,2,56,2,38,39,13,6,0,4,2946,2,1201,2,13,42,0,4,49,0,0,22,5,7,0,1,15,4,0,19,95,0,0,2,777,2,5,7,24,48,3,0,0,0,6,9,47,38,1,118,29
Macon County,34,45,1,3,52,40,8,9,0,5,22,0,0,45,5,55,0,76,1584,1,28,19,5,1,24,15,3,5,1,6,5,23,180,0,1,2,2,0,4,5,4,1,7,18,12,0,169,1,0,2,2,21,17,11,0,3078,22,10,14,36,1,8,23,1,6,1,32,0,5,1,224,24,31,345,441,7,5,21,55,264,0,26,1759,0,327,0,2,3,34,35,2,1,31,381,750
Madison County,35,90,41,2,46,34,3,1,168,6,15,386,4,2,4,32,478,19,1445,136,6,121,325,156,4,10,1678,30,0,17,0,36,280,0,406,149,0,452,417,171,14,0,33,0,2,4,307,18,124,40,22,21,0,9,134,19,26775,8,28,190,0,7,222,4,1,237,5,7,0,0,56,8,2,56,444,0,4,7,3585,7,5,35,107,136,8,0,0,0,33,40,45,241,5,421,106
Marion County,103,46,0,25,80,270,9,6,0,2,1,2,5,1,3,210,3,40,455,0,25,7,5,1,5,229,1,3,0,13,157,31,4114,0,0,1,4,2,2,2,1,1,2,0,10,0,359,0,1,4,1,10,38,107,0,5,22,3399,6,22,19,52,21,5,13,0,9,0,0,16,117,74,45,11,136,8,210,33,156,0,2,33,24,2,0,3,2,3,78,23,1,2,33,126,55
Marshall County,28,566,5,2,23,27,1,6,7,7,31,9,3,0,0,253,1,11,2627,3,29,114,13,8,4,72,14,218,3,5,1,16,227,0,4,12,1,2,14,10,26,1,9,1,4,0,135,1,6,90,28,191,7,14,4,7,63,12,4220,1723,2,5,117,16,4,9,6,6,0,1,52,8,8,57,1317,3,6,13,262,8,1,24,129,10,0,3,0,1,40,14,20,6,14,2416,199
Maury County,81,283,9,9,75,105,19,24,16,9,146,26,7,2,6,484,0,38,10117,11,92,447,41,15,8,181,41,372,4,9,8,62,631,0,9,25,7,4,44,23,148,4,19,1,17,3,387,6,18,387,143,153,26,39,8,30,183,39,812,16275,1,18,333,53,8,27,19,6,0,1,206,33,21,175,2816,2,21,28,721,12,5,75,411,47,3,1,2,1,95,48,77,36,57,10309,681
Meigs County,47,18,0,4,20,650,1,3,1,3,0,0,2,0,4,35,1,43,231,0,9,6,3,1,2,11,0,4,0,5,6,12,892,0,0,0,0,0,1,2,0,1,1,1,10,0,169,0,1,2,1,6,16,628,0,1,2,30,3,11,870,157,17,3,8,0,3,0,0,14,48,244,59,2,62,0,14,11,73,1,0,12,10,0,0,0,0,0,20,13,1,1,11,44,27
Monroe County,494,29,0,6,1227,382,40,2,1,30,3,0,23,0,17,25,0,137,473,0,4,7,7,4,35,5,1,6,5,48,4,114,420,1,2,1,20,1,2,2,0,0,3,0,37,7,2290,0,0,6,0,3,1609,1575,0,4,9,6,11,25,69,7203,20,0,35,1,20,0,4,46,93,101,142,13,125,28,12,181,206,4,0,87,37,5,0,7,12,0,11,111,0,1,6,114,48
Montgomery County,133,292,34,17,247,200,34,9,25,15,1470,19,3,1,8,271,9,80,15026,16,26,839,51,25,11,40,64,45,2,34,3,96,1069,0,20,43,7,22,36,54,70,143,107,0,28,2,1246,9,19,95,26,61,47,51,9,47,325,32,48,433,4,32,36241,7,23,35,40,8,3,0,375,44,37,2292,1824,10,7,113,2106,46,225,193,1013,35,11,4,0,0,62,185,19,99,38,2685,964
Moore County,7,249,0,2,8,10,0,8,1,1,2,0,1,0,0,589,1,1,219,2,2,4,5,1,0,153,0,17,0,0,0,6,57,0,1,2,1,0,2,1,1,0,0,0,0,1,26,0,0,4,0,112,0,3,1,4,7,5,47,30,0,0,16,697,0,4,1,0,0,0,14,2,1,5,252,0,5,1,35,0,1,9,20,3,0,0,0,0,25,2,0,0,5,75,35
Morgan County,1593,5,2,11,213,24,50,1,1,3,7,1,24,3,26,17,1,302,190,0,6,7,5,1,114,4,0,4,11,27,0,72,136,1,1,4,13,0,2,3,2,1,7,2,39,1,1260,0,0,5,0,0,119,34,3,13,15,7,1,13,0,34,19,0,1421,2,25,0,11,2,53,27,675,9,54,144,2,111,62,1,1,26,26,2,0,1,14,1,6,28,3,3,4,39,22
Obion County,16,28,36,1,12,16,0,0,92,3,3,16,0,0,2,19,60,7,394,17,1,20,1016,25,1,4,277,4,0,3,0,2,82,0,24,19,1,49,44,168,11,2,9,0,1,0,66,177,93,17,3,9,1,5,14,4,581,5,8,34,0,1,57,3,0,5882,3,0,0,0,22,4,1,16,95,0,0,3,603,2,3,13,39,48,4,0,0,0,8,16,11,1035,1,141,38
Overton County,26,31,0,7,40,31,8,10,3,9,17,1,2,88,4,98,0,246,974,0,46,28,3,0,117,24,1,4,1,9,4,11,179,0,1,5,4,0,1,3,0,2,3,71,5,2,159,0,0,6,0,8,14,20,1,40,19,13,19,31,5,6,35,1,34,2,2613,0,90,1,2841,24,40,54,265,21,6,16,54,72,0,23,191,1,6,1,2,1,65,31,1,6,157,219,187
Perry County,6,12,3,3,12,5,3,2,11,1,12,1,0,0,1,12,1,1,331,103,3,72,0,2,0,4,2,26,0,1,0,4,34,0,5,17,1,6,61,3,126,4,122,0,0,0,26,1,2,27,186,13,0,7,8,3,15,2,22,104,0,2,29,2,2,2,1,1069,0,0,18,0,0,12,77,1,0,1,54,0,1,7,21,8,0,1,0,0,10,1,45,0,1,130,19
Pickett County,8,7,0,1,10,6,3,1,0,0,4,0,0,11,0,15,0,55,163,1,7,1,0,2,86,1,1,1,0,1,0,1,42,0,0,1,3,0,1,0,0,0,0,4,1,1,43,0,0,2,0,0,3,2,0,14,8,3,2,1,1,2,10,0,10,1,248,1,491,0,222,9,4,7,52,8,1,5,20,8,0,8,47,0,3,0,0,3,16,5,0,1,15,20,33
Polk County,48,4,3,12,57,1833,3,1,1,4,0,0,3,0,4,19,0,16,279,0,0,2,6,0,3,4,0,3,1,8,2,25,1001,0,1,2,2,0,1,0,1,0,2,1,6,0,264,0,0,2,2,5,45,485,2,1,10,18,3,12,15,119,18,1,6,0,1,0,0,1013,36,72,23,11,70,1,13,23,70,1,0,15,20,0,0,0,0,0,8,17,0,1,3,81,32
Putnam County,305,52,11,36,167,173,53,45,2,23,34,2,9,47,25,130,1,844,1992,2,314,47,16,3,178,45,3,20,6,50,12,88,596,0,1,8,15,2,14,4,5,0,18,263,32,10,1069,2,2,21,5,59,86,90,0,42,66,35,28,82,3,48,114,10,56,5,706,0,37,6,17364,100,143,65,649,42,34,122,222,419,2,113,270,6,6,4,5,25,280,96,8,14,877,450,377
Rhea County,115,47,3,98,67,548,11,5,1,9,4,0,7,0,6,96,0,212,566,0,11,5,5,2,5,29,0,9,0,11,16,37,2488,0,1,3,8,0,3,3,1,0,1,3,10,1,413,0,2,3,0,11,58,379,0,3,18,76,5,25,205,115,24,4,14,1,4,0,1,19,138,5432,205,17,149,2,62,30,184,6,3,40,35,4,0,0,0,3,51,47,2,3,57,141,53
Roane County,4656,27,0,40,715,274,73,1,1,36,4,0,28,0,14,27,0,358,524,0,2,8,4,1,43,10,3,3,6,74,0,132,441,0,2,0,23,0,2,0,1,1,0,1,49,9,5525,0,2,3,0,8,1249,339,1,6,18,15,2,34,36,345,32,1,275,5,15,0,1,9,79,266,5327,12,113,24,16,212,240,6,0,114,46,3,0,13,24,3,11,135,1,4,11,140,61
Robertson County,49,78,31,6,80,64,16,9,5,6,555,11,3,0,1,87,2,37,14541,6,16,222,21,24,3,21,17,15,0,19,1,31,367,0,12,16,2,9,9,26,38,14,49,1,9,1,424,6,8,33,7,19,21,20,5,20,95,14,41,330,2,11,1255,2,3,12,9,5,0,0,141,11,10,8355,1154,10,3,31,632,22,23,58,3388,15,7,2,1,0,23,45,16,36,18,1789,915
Rutherford County,193,1564,19,17,408,343,32,354,32,24,178,14,10,6,9,1554,13,109,52195,28,219,364,42,40,27,276,58,171,7,45,9,132,2008,1,29,43,12,7,55,44,86,3,56,10,42,14,2274,7,26,114,25,160,58,85,13,85,398,54,495,1581,0,43,993,228,24,35,38,13,2,9,508,210,40,475,66968,10,11,167,3751,79,15,287,2052,60,33,4,3,5,501,157,57,65,92,16524,7071
Scott County,675,6,2,15,107,35,268,0,1,8,1,1,81,1,27,12,0,87,211,0,4,4,4,1,79,6,2,5,28,40,1,79,118,3,2,1,20,0,0,1,0,0,5,1,46,0,920,0,0,5,0,1,38,16,0,17,7,4,5,14,5,38,18,0,212,0,29,1,6,0,57,10,148,8,42,3935,2,74,53,0,1,33,21,2,0,2,5,0,8,22,0,2,7,28,21
Sequatchie County,57,25,0,107,39,145,4,2,0,1,2,0,1,0,2,71,1,40,255,0,21,5,3,0,1,39,0,1,1,7,34,16,2389,0,2,0,3,0,2,1,0,0,1,1,4,0,184,0,0,3,1,4,22,63,0,1,8,255,4,11,3,21,20,2,8,1,7,0,0,9,85,100,35,6,86,1,1336,11,91,1,0,21,19,3,1,0,1,7,61,17,1,1,37,63,21
Sevier County,574,55,0,6,1845,167,97,4,1,50,10,1,88,2,321,52,0,141,982,0,10,26,11,2,33,15,5,8,59,304,4,790,642,7,0,3,90,1,5,4,0,0,5,0,630,16,8568,2,5,4,0,9,170,68,1,4,37,23,13,50,1,95,51,3,13,12,14,0,0,1,128,18,97,23,234,14,6,24177,439,6,0,351,87,10,0,18,56,0,23,379,2,10,18,275,109
Shelby County,304,148,28,9,414,174,36,0,123,61,30,98,1,0,3,180,76,46,11063,69,7,182,517,2656,0,46,332,80,0,55,0,114,2042,0,454,129,41,226,133,143,30,7,91,0,34,6,2198,89,286,90,33,103,61,42,76,49,2556,15,69,498,0,10,773,16,4,273,21,7,0,2,154,21,13,293,1679,3,0,176,338681,5,10,477,458,1829,0,3,2,0,31,391,56,264,7,2790,700
Smith County,20,61,3,5,38,26,9,10,2,4,16,1,1,10,3,100,2,62,1768,0,101,17,4,0,16,17,0,5,0,9,5,18,163,1,0,3,4,0,3,1,1,0,5,20,7,2,144,0,1,8,1,11,10,19,0,128,15,5,13,33,6,11,33,3,5,1,37,1,1,0,359,13,22,63,590,9,10,20,66,2445,0,18,324,0,118,1,1,0,79,17,6,2,37,356,1845
Stewart County,5,5,26,0,10,18,2,0,14,2,35,12,1,0,0,12,5,7,392,17,0,105,13,2,4,3,32,12,2,0,1,3,46,0,4,7,0,10,25,116,16,124,46,0,2,0,49,1,3,11,6,4,4,3,7,3,218,1,6,31,0,4,1371,0,0,45,0,3,0,0,19,4,4,24,57,2,0,3,99,4,1322,11,29,4,1,0,3,1,5,3,6,36,4,110,25
Sullivan County,335,31,7,7,336,134,86,0,7,1478,7,2,107,4,119,27,1,50,944,3,5,16,23,1,11,15,4,4,45,970,0,823,617,18,4,10,1958,36,14,2,1,0,8,2,249,133,2012,0,7,13,0,7,107,58,2,9,75,7,4,57,2,75,167,2,16,8,12,0,2,3,138,34,57,18,143,11,5,415,626,4,2,31906,73,9,0,369,34,0,25,11805,2,5,15,340,98
Sumner County,110,147,22,10,227,150,28,35,20,14,285,19,9,7,5,199,9,68,38154,8,63,279,42,26,7,35,46,48,4,39,4,101,947,0,24,36,4,11,33,71,39,12,56,3,19,3,1167,7,19,63,23,44,44,39,12,321,293,48,69,432,3,28,847,33,13,34,32,7,0,2,411,22,30,3914,2906,11,5,109,1862,125,22,145,28434,42,156,8,1,1,108,123,22,83,42,4512,3850
Tipton County,15,10,2,0,35,19,4,0,8,3,5,42,1,0,1,16,40,4,758,6,2,16,304,423,1,2,121,1,0,7,0,11,119,0,84,9,5,167,27,8,3,0,9,0,3,0,168,12,453,5,1,7,6,11,35,8,665,0,6,29,0,1,55,1,0,26,2,0,0,0,17,0,0,19,136,1,0,14,15193,1,1,32,35,6195,0,1,0,0,1,28,6,23,4,214,60
Trousdale County,16,19,0,2,17,20,4,0,0,2,5,0,2,1,2,18,0,17,986,1,4,10,1,0,7,9,1,7,0,3,2,14,97,0,0,2,4,0,3,2,3,0,2,3,2,2,95,0,1,6,2,10,4,10,0,118,8,5,10,18,1,7,17,3,2,2,6,0,0,0,69,5,8,58,265,2,5,3,44,77,2,10,676,0,731,0,1,0,14,17,4,3,10,190,787
Unicoi County,41,3,0,0,34,20,9,0,1,313,1,0,18,0,39,3,0,14,102,0,0,3,1,0,1,0,1,0,6,235,0,84,67,5,1,0,66,1,1,0,0,0,2,0,33,42,220,0,1,1,0,0,12,8,0,1,9,1,2,9,0,9,22,0,0,0,3,0,2,0,13,3,8,1,12,2,1,65,70,0,0,689,7,1,0,1769,3,0,3,1966,0,0,3,35,10
Union County,625,9,0,2,268,49,108,1,0,6,0,0,302,0,7,13,0,19,271,1,5,4,2,0,3,2,4,1,88,27,1,60,127,0,0,0,8,0,2,0,0,0,2,0,107,1,3798,0,0,2,0,1,69,20,0,3,9,1,3,14,1,32,15,0,10,0,4,0,0,0,20,10,78,4,44,17,1,193,107,0,0,56,19,1,0,5,942,0,4,47,1,4,1,83,18
Van Buren County,6,5,0,117,8,10,5,6,0,3,5,0,2,6,0,44,0,55,292,0,30,15,1,0,1,4,0,2,0,4,12,2,43,0,0,0,1,0,0,1,1,0,2,2,2,0,53,0,0,3,0,3,5,5,0,6,2,5,4,9,2,3,12,4,17,0,2,0,2,0,212,15,8,14,111,3,35,5,16,8,0,14,25,0,0,0,0,442,207,9,0,1,294,51,30
Warren County,50,143,1,14,61,75,17,241,4,14,31,1,4,7,2,1210,0,132,2286,4,516,30,8,2,37,55,2,12,0,27,66,33,289,0,0,3,8,0,5,3,5,1,7,12,11,4,318,0,2,6,3,23,29,25,1,29,30,14,39,70,4,23,75,63,21,3,65,0,5,2,529,68,67,97,1910,10,52,24,113,49,2,63,280,4,7,1,1,48,6547,46,3,8,271,462,414
Washington County,309,17,3,4,308,128,82,0,2,2126,7,6,66,1,94,18,3,50,757,2,1,14,26,4,12,10,1,2,26,2417,1,469,560,8,1,1,626,30,14,7,2,0,9,1,155,106,1754,0,6,6,0,12,83,48,1,6,53,11,6,51,1,65,165,3,18,10,7,0,2,2,79,25,46,6,118,14,5,312,494,2,3,9773,71,5,0,1081,15,0,15,27405,1,3,12,238,76
Wayne County,13,25,6,1,12,18,0,1,1,1,16,4,3,0,1,27,1,3,598,38,8,37,7,10,2,10,7,73,1,4,0,8,66,0,12,211,1,2,21,5,28,1,16,0,1,1,69,2,1,383,119,31,7,4,13,3,37,6,35,320,0,5,41,43,1,8,0,67,0,1,24,4,4,19,122,0,1,2,140,5,1,8,48,6,2,0,0,0,10,3,2059,7,3,163,41
Weakley County,12,29,72,1,9,16,1,0,475,2,6,22,3,0,0,16,59,5,436,21,1,22,232,37,1,1,497,11,0,2,1,9,87,0,40,23,0,39,85,584,7,1,25,0,0,0,81,40,62,13,2,7,0,6,12,2,812,5,12,34,1,3,69,2,0,1465,3,6,0,0,33,2,2,20,125,1,0,4,685,2,3,15,33,49,2,0,0,0,11,8,13,5650,2,151,31
White County,99,20,1,29,56,40,17,21,1,0,16,2,3,3,6,56,1,322,691,0,287,10,5,4,51,15,0,3,0,9,8,37,270,0,0,3,10,1,4,2,2,1,3,21,8,1,382,0,1,6,2,22,17,27,0,19,14,7,10,30,5,14,40,2,24,4,97,1,4,1,2476,43,53,20,247,30,26,45,80,70,0,31,89,5,4,2,1,81,345,38,4,1,3564,136,133
Williamson County,132,150,19,14,256,213,22,36,18,26,329,15,6,2,12,254,14,96,44531,16,40,682,53,18,20,74,46,125,2,29,2,107,1481,1,17,22,6,11,37,38,165,4,37,4,28,4,1643,3,22,96,24,54,38,63,10,33,303,50,304,3559,0,47,521,34,16,35,19,9,0,3,313,153,23,246,5838,11,12,118,2628,20,13,212,844,42,6,1,1,0,92,125,21,60,55,42349,1466
Wilson County,90,144,19,6,137,120,19,41,20,9,162,12,11,6,3,173,2,52,33145,15,98,160,36,13,11,26,40,50,0,39,1,68,718,0,11,25,5,15,18,46,21,1,47,6,19,1,845,9,14,45,19,40,37,39,10,130,189,29,61,315,3,25,483,24,5,21,28,3,0,3,385,20,23,433,5866,10,9,79,1339,296,13,133,2869,31,147,4,1,1,131,103,15,62,50,4567,19917
