suite,family,size,alpha,n_cases,tw_two_sum_mean,tw_two_sum_std,tw_band_mass_10_mean,tw_band_mass_10_std,tw_mwb_auc_mean,tw_mwb_auc_std,ow_two_sum_mean,ow_band_mass_10_mean,ow_mwb_auc_mean,delta_two_sum_mean,delta_band_mass_10_mean,delta_mwb_auc_mean,tw_win_rate_two_sum,tw_win_rate_band,tw_win_rate_mwb,dataset
synthetic,Family A: Clean one-to-one,Large,0.01,20,0.16023523077886578,0.051744351122318795,0.20374263766398557,0.08598151290364689,0.44570952080296156,0.09395545625235592,0.005580716653118139,0.8298881074019219,0.9148754861185993,0.15465451412574766,-0.6261454697379363,-0.46916596531563765,0.0,0.0,0.0,
synthetic,Family A: Clean one-to-one,Large,0.05,20,0.008846019289428752,0.0039270686177325185,0.744368365853949,0.10279298790150632,0.8897517948093473,0.03204758972907353,0.005580716653118139,0.8298881074019219,0.9148754861185993,0.003265302636310614,-0.08551974154797279,-0.02512369130925183,0.1,0.15,0.25,
synthetic,Family A: Clean one-to-one,Large,0.1,20,0.006144946511991481,0.0018621131724696756,0.8176469200593462,0.07968782496464208,0.9123473102181366,0.021047276509094878,0.005580716653118139,0.8298881074019219,0.9148754861185993,0.0005642298588733423,-0.012241187342575571,-0.0025281759004625592,0.4,0.4,0.4,
synthetic,Family A: Clean one-to-one,Large,0.25,20,0.0053215469778340515,0.0014730479005474265,0.8544730109785623,0.06446915893685207,0.9212107554446929,0.01782328526640134,0.005580716653118139,0.8298881074019219,0.9148754861185993,-0.00025916967528408685,0.024584903576640577,0.006335269326093795,0.5,0.65,0.55,
synthetic,Family A: Clean one-to-one,Large,0.5,20,0.005134754629695446,0.0013565182255846433,0.8631953449075531,0.05935128695466065,0.9234159045688909,0.016451016454864048,0.005580716653118139,0.8298881074019219,0.9148754861185993,-0.00044596202342269276,0.03330723750563141,0.00854041845029172,0.55,0.7,0.7,
synthetic,Family A: Clean one-to-one,Large,0.75,20,0.005088717118537613,0.0013409740972686079,0.8636500422511256,0.06192013761971329,0.9237721811148193,0.016594363672994775,0.005580716653118139,0.8298881074019219,0.9148754861185993,-0.0004919995345805258,0.0337619348492037,0.00889669499622014,0.65,0.7,0.7,
synthetic,Family A: Clean one-to-one,Large,1.0,20,0.004985079548067515,0.0012863993130250173,0.8682385576584357,0.05937958796664529,0.9247959238043352,0.015767333512870133,0.005580716653118139,0.8298881074019219,0.9148754861185993,-0.0005956371050506243,0.03835045025651379,0.00992043768573601,0.65,0.7,0.7,
synthetic,Family A: Clean one-to-one,Large,2.0,20,0.0049258192414235995,0.0012118695661774577,0.8672188853921305,0.05994986279240146,0.925085757962516,0.016047215983108033,0.005580716653118139,0.8298881074019219,0.9148754861185993,-0.0006548974116945394,0.03733077799020863,0.010210271843916813,0.55,0.55,0.65,
synthetic,Family A: Clean one-to-one,Large,4.0,20,0.004851060926858454,0.0011485840554235876,0.8686624015168503,0.058234732236881706,0.9257216015548717,0.01556744968787027,0.005580716653118139,0.8298881074019219,0.9148754861185993,-0.0007296557262596852,0.03877429411492848,0.010846115436272546,0.65,0.65,0.75,
synthetic,Family A: Clean one-to-one,Large,6.0,20,0.004965213474051918,0.0011090588588569263,0.8620662651906164,0.059561405843045645,0.9236104399537993,0.015345645561267914,0.005580716653118139,0.8298881074019219,0.9148754861185993,-0.0006155031790662208,0.032178157788694525,0.008734953835200199,0.55,0.6,0.55,
synthetic,Family A: Clean one-to-one,Large,8.0,20,0.0051151399450408835,0.0012290870142785822,0.8557043663470566,0.06271346217375004,0.9221032400928777,0.016426394839720106,0.005580716653118139,0.8298881074019219,0.9148754861185993,-0.0004655767080772552,0.025816258945134757,0.007227753974278639,0.6,0.65,0.6,
synthetic,Family A: Clean one-to-one,Large,12.0,20,0.005224812501925032,0.0014262101861565331,0.847917845864095,0.0710285744329294,0.9203610267657906,0.018681068606019046,0.005580716653118139,0.8298881074019219,0.9148754861185993,-0.00035590415119310755,0.018029738462173185,0.00548554064719139,0.45,0.45,0.4,
synthetic,Family A: Clean one-to-one,Large,24.0,20,0.005661493935413962,0.0016141929739938892,0.8320429276460694,0.07082716047633836,0.9154480614606157,0.019228172109795605,0.005580716653118139,0.8298881074019219,0.9148754861185993,8.077728229582254e-05,0.0021548202441475373,0.0005725753420166013,0.5,0.4,0.5,
synthetic,Family A: Clean one-to-one,Medium,0.01,20,0.1728012865230556,0.048813061363255736,0.17044151875097996,0.08854088551404163,0.4263732159719812,0.10822825319992449,0.00571794145854339,0.8351201418201502,0.9202650462877504,0.16708334506451222,-0.6646786230691701,-0.4938918303157691,0.0,0.0,0.0,
synthetic,Family A: Clean one-to-one,Medium,0.05,20,0.010170967859528243,0.0052878244030514976,0.736395874046129,0.12448951909483505,0.8852331144409085,0.039952767629592004,0.00571794145854339,0.8351201418201502,0.9202650462877504,0.004453026400984853,-0.09872426777402103,-0.035031931846841925,0.2,0.35,0.3,
synthetic,Family A: Clean one-to-one,Medium,0.1,20,0.006844204336304496,0.002496106433473412,0.8139865321084722,0.09279034233566064,0.911759767234714,0.026027714499024537,0.00571794145854339,0.8351201418201502,0.9202650462877504,0.001126262877761106,-0.02113360971167782,-0.00850527905303632,0.25,0.35,0.35,
synthetic,Family A: Clean one-to-one,Medium,0.25,20,0.00632634967235301,0.004052528240745677,0.842983154893725,0.10513665383957296,0.9188563770915108,0.033835166919463165,0.00571794145854339,0.8351201418201502,0.9202650462877504,0.00060840821380962,0.00786301307357492,-0.0014086691962395981,0.5,0.5,0.5,
synthetic,Family A: Clean one-to-one,Medium,0.5,20,0.005569757945129323,0.0018479977262152514,0.8583151870805631,0.08111199133040312,0.9247580428673334,0.02199805968450678,0.00571794145854339,0.8351201418201502,0.9202650462877504,-0.00014818351341406712,0.023195045260412994,0.004492996579583103,0.45,0.55,0.5,
synthetic,Family A: Clean one-to-one,Medium,0.75,20,0.0056366550647589395,0.001996132805595709,0.8539256023592733,0.08553567304793014,0.9237512557406943,0.023192525070459373,0.00571794145854339,0.8351201418201502,0.9202650462877504,-8.1286393784451e-05,0.018805460539123204,0.003486209452943828,0.5,0.5,0.45,
synthetic,Family A: Clean one-to-one,Medium,1.0,20,0.00557057920147243,0.0019193321367873206,0.8550791429441456,0.08217310806543855,0.9243023286700003,0.022318016801538266,0.00571794145854339,0.8351201418201502,0.9202650462877504,-0.00014736225707096012,0.01995900112399541,0.004037282382249962,0.45,0.5,0.45,
synthetic,Family A: Clean one-to-one,Medium,2.0,20,0.0053533235084367485,0.0013580587233289324,0.8595305264376615,0.06724087586692909,0.9249625460963966,0.01766168709483491,0.00571794145854339,0.8351201418201502,0.9202650462877504,-0.00036461795010664193,0.024410384617511362,0.004697499808646271,0.5,0.55,0.5,
synthetic,Family A: Clean one-to-one,Medium,4.0,20,0.005278030350494513,0.0016752195236190478,0.8572886614588835,0.08089897312896105,0.9254236622719034,0.021657907022870484,0.00571794145854339,0.8351201418201502,0.9202650462877504,-0.00043991110804887754,0.022168519638733487,0.005158615984153009,0.55,0.55,0.55,
synthetic,Family A: Clean one-to-one,Medium,6.0,20,0.006072056800073357,0.002222505717214281,0.8272929318380449,0.09973482782516692,0.9172619903763959,0.02659025676998632,0.00571794145854339,0.8351201418201502,0.9202650462877504,0.0003541153415299671,-0.007827209982105149,-0.003003055911354513,0.45,0.45,0.5,
synthetic,Family A: Clean one-to-one,Medium,8.0,20,0.006086511434193186,0.0023137414674470943,0.8228382948231558,0.10503633597668482,0.9162173861319218,0.027850340093826136,0.00571794145854339,0.8351201418201502,0.9202650462877504,0.0003685699756497956,-0.012281846996994222,-0.0040476601558286475,0.4,0.4,0.4,
synthetic,Family A: Clean one-to-one,Medium,12.0,20,0.005705588865349198,0.0020783996767662987,0.8391485673187195,0.09597041909677953,0.9207369763279798,0.026074784960547704,0.00571794145854339,0.8351201418201502,0.9202650462877504,-1.2352593194192552e-05,0.004028425498569427,0.00047193004022947905,0.45,0.45,0.45,
synthetic,Family A: Clean one-to-one,Medium,24.0,20,0.0057357159000754835,0.0020048443079833528,0.8354059321882195,0.09205046432654584,0.9201323103806052,0.02506915440598648,0.00571794145854339,0.8351201418201502,0.9202650462877504,1.7774441532093093e-05,0.00028579036806946067,-0.00013273590714505957,0.5,0.5,0.55,
synthetic,Family A: Clean one-to-one,Small,0.01,20,0.1871888567624634,0.07173482156925357,0.17795213196794452,0.122363729608832,0.451171995690584,0.12540306828646827,0.005387541511659151,0.8703245955254783,0.9311355081395764,0.18180131525080426,-0.6923724635575338,-0.47996351244899244,0.0,0.0,0.0,
synthetic,Family A: Clean one-to-one,Small,0.05,20,0.008306363852260523,0.0034551115185436007,0.7709737556020804,0.10815678181372788,0.9042017298490868,0.030137897791974202,0.005387541511659151,0.8703245955254783,0.9311355081395764,0.002918822340601371,-0.09935083992339792,-0.026933778290489784,0.1,0.2,0.15,
synthetic,Family A: Clean one-to-one,Small,0.1,20,0.007271661848203591,0.00296974593738262,0.7994251031541547,0.10896058162683525,0.9125663601254901,0.029063689358327312,0.005387541511659151,0.8703245955254783,0.9311355081395764,0.0018841203365444399,-0.07089949237132354,-0.018569148014086247,0.2,0.15,0.25,
synthetic,Family A: Clean one-to-one,Small,0.25,20,0.006458649163622164,0.0027437836105567133,0.828584300496277,0.11005290288555274,0.9204318142969485,0.028151841654043486,0.005387541511659151,0.8703245955254783,0.9311355081395764,0.0010711076519630126,-0.0417402950292014,-0.010703693842627893,0.2,0.15,0.3,
synthetic,Family A: Clean one-to-one,Small,0.5,20,0.005912060777871862,0.0016905985038538137,0.8487911553160981,0.05404103447874642,0.9257136781148375,0.016514668710353637,0.005387541511659151,0.8703245955254783,0.9311355081395764,0.0005245192662127102,-0.021533440209380195,-0.005421830024738844,0.25,0.2,0.25,
synthetic,Family A: Clean one-to-one,Small,0.75,20,0.005831963504301479,0.001709370144733381,0.8523701200776932,0.054716336056005066,0.9266476799654333,0.016616337292340428,0.005387541511659151,0.8703245955254783,0.9311355081395764,0.00044442199264232724,-0.017954475447785112,-0.004487828174143044,0.2,0.2,0.3,
synthetic,Family A: Clean one-to-one,Small,1.0,20,0.005793926848839593,0.001736249927026293,0.8549113759360187,0.0535082059853644,0.927129643015323,0.016482092178171932,0.005387541511659151,0.8703245955254783,0.9311355081395764,0.0004063853371804418,-0.015413219589459487,-0.004005865124253455,0.25,0.35,0.35,
synthetic,Family A: Clean one-to-one,Small,2.0,20,0.005790977075398167,0.0019104850652568643,0.8576831616151231,0.055653923506761925,0.9278453140979271,0.017455806995512795,0.005387541511659151,0.8703245955254783,0.9311355081395764,0.0004034355637390154,-0.01264143391035506,-0.0032901940416493027,0.35,0.4,0.35,
synthetic,Family A: Clean one-to-one,Small,4.0,20,0.005668670245941315,0.0020723869555641142,0.8605438021394015,0.05795240343131067,0.9284980156994743,0.01866067222478255,0.005387541511659151,0.8703245955254783,0.9311355081395764,0.00028112873428216384,-0.009780793386076802,-0.0026374924401019904,0.45,0.5,0.45,
synthetic,Family A: Clean one-to-one,Small,6.0,20,0.005629075048636435,0.0021550747997787566,0.8649411948040833,0.05852179003571416,0.9290605504252085,0.01934599505718651,0.005387541511659151,0.8703245955254783,0.9311355081395764,0.00024153353697728368,-0.005383400721395082,-0.0020749577143679256,0.4,0.5,0.45,
synthetic,Family A: Clean one-to-one,Small,8.0,20,0.005598986889585235,0.002030450473234717,0.8654211372685465,0.05252487403878977,0.9294178704670454,0.018356103008690144,0.005387541511659151,0.8703245955254783,0.9311355081395764,0.00021144537792608327,-0.004903458256931803,-0.0017176376725309694,0.55,0.55,0.45,
synthetic,Family A: Clean one-to-one,Small,12.0,20,0.005464966126882093,0.0017399882859896246,0.8698811280557811,0.050276625485627405,0.9304449030343047,0.016891302226149246,0.005387541511659151,0.8703245955254783,0.9311355081395764,7.742461522294221e-05,-0.0004434674696972785,-0.0006906051052716744,0.65,0.5,0.65,
synthetic,Family A: Clean one-to-one,Small,24.0,20,0.005401799085603516,0.0015363849838075387,0.8730133133761875,0.048277061152248536,0.9311760640820601,0.015573822922400537,0.005387541511659151,0.8703245955254783,0.9311355081395764,1.4257573944365066e-05,0.002688717850709188,4.055594248376093e-05,0.6,0.6,0.5,
synthetic,Family B: Paired subgroup overlap,Large,0.01,20,0.17298967919375713,0.06602845000575279,0.13953723442621452,0.12460314078196562,0.40177676343012836,0.13209299710681144,0.01004106279366469,0.6786537620047473,0.8742317391441128,0.16294861640009245,-0.5391165275785327,-0.4724549757139845,0.0,0.0,0.0,
synthetic,Family B: Paired subgroup overlap,Large,0.05,20,0.012212367515532094,0.006245945001980608,0.6468164587881127,0.12370496743944787,0.8600849355157262,0.04563809649569403,0.01004106279366469,0.6786537620047473,0.8742317391441128,0.0021713047218674063,-0.03183730321663458,-0.0141468036283867,0.35,0.4,0.45,
synthetic,Family B: Paired subgroup overlap,Large,0.1,20,0.011916807027778675,0.005163118067333544,0.6509833442496529,0.11130913684414886,0.862337380709141,0.03917357617637269,0.01004106279366469,0.6786537620047473,0.8742317391441128,0.0018757442341139868,-0.027670417755094334,-0.011894358434971919,0.4,0.4,0.45,
synthetic,Family B: Paired subgroup overlap,Large,0.25,20,0.011480479707229938,0.0051323096108489,0.6556350671264088,0.11411887945589477,0.8649263121391689,0.03947660338531657,0.01004106279366469,0.6786537620047473,0.8742317391441128,0.001439416913565249,-0.02301869487833845,-0.009305427004943861,0.4,0.45,0.45,
synthetic,Family B: Paired subgroup overlap,Large,0.5,20,0.010564015610497085,0.003895840045120984,0.6737874861590469,0.0881786312141201,0.8716842547484754,0.030118703210981805,0.01004106279366469,0.6786537620047473,0.8742317391441128,0.0005229528168323963,-0.004866275845700344,-0.0025474843956374504,0.45,0.5,0.5,
synthetic,Family B: Paired subgroup overlap,Large,0.75,20,0.010060921781736936,0.0032104445991426186,0.6869255081103696,0.06824151220956468,0.875891943674629,0.024056543037688664,0.01004106279366469,0.6786537620047473,0.8742317391441128,1.9858988072248225e-05,0.008271746105622238,0.0016602045305161351,0.5,0.55,0.55,
synthetic,Family B: Paired subgroup overlap,Large,1.0,20,0.009638562765859667,0.0026584531353845407,0.6959051975752725,0.054224628436452496,0.879126051012298,0.01939248421380366,0.01004106279366469,0.6786537620047473,0.8742317391441128,-0.00040250002780502155,0.017251435570525227,0.004894311868185097,0.5,0.55,0.55,
synthetic,Family B: Paired subgroup overlap,Large,2.0,20,0.00939518898572333,0.0029441853169678922,0.7058032282380322,0.0512851616581271,0.8815335419001021,0.01978402488040029,0.01004106279366469,0.6786537620047473,0.8742317391441128,-0.0006458738079413594,0.02714946623328503,0.007301802755989262,0.6,0.6,0.6,
synthetic,Family B: Paired subgroup overlap,Large,4.0,20,0.009091787102727147,0.0021496002757622574,0.7089936967279983,0.04857350058149752,0.8832151535673262,0.016404716436535922,0.01004106279366469,0.6786537620047473,0.8742317391441128,-0.0009492756909375415,0.030339934723251027,0.008983414423213393,0.7,0.7,0.75,
synthetic,Family B: Paired subgroup overlap,Large,6.0,20,0.009075600465960853,0.001805597397663965,0.7065830486198925,0.04906111639203732,0.8828199799823281,0.015175211919240275,0.01004106279366469,0.6786537620047473,0.8742317391441128,-0.0009654623277038366,0.02792928661514535,0.008588240838215211,0.75,0.75,0.75,
synthetic,Family B: Paired subgroup overlap,Large,8.0,20,0.00907153112897444,0.0018976585849955463,0.7075176632709406,0.05186745682261698,0.8829265069437829,0.01608706252983905,0.01004106279366469,0.6786537620047473,0.8742317391441128,-0.0009695316646902482,0.028863901266193287,0.00869476779967004,0.75,0.7,0.7,
synthetic,Family B: Paired subgroup overlap,Large,12.0,20,0.008945212104346496,0.0018800002738273733,0.7115778626265767,0.04947930968871598,0.8840450980105692,0.015553863726693937,0.01004106279366469,0.6786537620047473,0.8742317391441128,-0.0010958506893181921,0.0329241006218295,0.009813358866456373,0.75,0.7,0.75,
synthetic,Family B: Paired subgroup overlap,Large,24.0,20,0.009202832330572857,0.0014714483828084791,0.7012804643501624,0.04197820891775129,0.8815678912064138,0.01273400512502802,0.01004106279366469,0.6786537620047473,0.8742317391441128,-0.0008382304630918331,0.022626702345415167,0.007336152062301021,0.6,0.65,0.6,
synthetic,Family B: Paired subgroup overlap,Medium,0.01,20,0.1591337444381448,0.05626812193935698,0.21294128923870134,0.11483864011472995,0.4473876380239713,0.11850912208973752,0.00937439492077358,0.7107704085779877,0.8854980911722075,0.1497593495173712,-0.4978291193392863,-0.43811045314823616,0.0,0.0,0.0,
synthetic,Family B: Paired subgroup overlap,Medium,0.05,20,0.01925482364238698,0.012818924440756298,0.5410945965989473,0.1519957124174635,0.8197733729278781,0.0696505279994252,0.00937439492077358,0.7107704085779877,0.8854980911722075,0.0098804287216134,-0.1696758119790403,-0.06572471824432934,0.1,0.05,0.1,
synthetic,Family B: Paired subgroup overlap,Medium,0.1,20,0.012656774187109445,0.004793643108206641,0.6289193992811918,0.09804063392723666,0.8589394560272698,0.034412113198469305,0.00937439492077358,0.7107704085779877,0.8854980911722075,0.003282379266335864,-0.08185100929679581,-0.02655863514493766,0.25,0.2,0.25,
synthetic,Family B: Paired subgroup overlap,Medium,0.25,20,0.011355711549487052,0.0036867461966318365,0.6660723012665921,0.07781811937220728,0.8701551656779172,0.026488842792183075,0.00937439492077358,0.7107704085779877,0.8854980911722075,0.0019813166287134705,-0.04469810731139558,-0.015342925494290227,0.3,0.35,0.3,
synthetic,Family B: Paired subgroup overlap,Medium,0.5,20,0.01102389006210977,0.0034181501827952785,0.6739130318068192,0.07502213357338562,0.8727625241430781,0.024774685158533184,0.00937439492077358,0.7107704085779877,0.8854980911722075,0.0016494951413361897,-0.036857376771168474,-0.012735567029129364,0.3,0.35,0.3,
synthetic,Family B: Paired subgroup overlap,Medium,0.75,20,0.010882782105067575,0.003111427487448134,0.6769031383818676,0.0683371044380384,0.8738019180566958,0.02236484806383864,0.00937439492077358,0.7107704085779877,0.8854980911722075,0.0015083871842939932,-0.03386727019612006,-0.01169617311551167,0.3,0.35,0.35,
synthetic,Family B: Paired subgroup overlap,Medium,1.0,20,0.01111633169659425,0.0034017122578599676,0.6721773332224119,0.07725394362113608,0.8721151205000897,0.024934773338413516,0.00937439492077358,0.7107704085779877,0.8854980911722075,0.0017419367758206676,-0.03859307535557571,-0.013382970672117762,0.3,0.35,0.35,
synthetic,Family B: Paired subgroup overlap,Medium,2.0,20,0.010785522168381979,0.0030077609209486047,0.6783478012172108,0.06842329143048333,0.8743488473841092,0.022204781163151503,0.00937439492077358,0.7107704085779877,0.8854980911722075,0.0014111272476083985,-0.032422607360776796,-0.011149243788098295,0.3,0.35,0.35,
synthetic,Family B: Paired subgroup overlap,Medium,4.0,20,0.010836070650752025,0.0025020452238156423,0.6689018239444211,0.0708153859071852,0.87259586468219,0.020916904107581125,0.00937439492077358,0.7107704085779877,0.8854980911722075,0.0014616757299784444,-0.04186858463356656,-0.012902226490017566,0.3,0.3,0.3,
synthetic,Family B: Paired subgroup overlap,Medium,6.0,20,0.011230355724189466,0.0027466007308013457,0.6623540646359599,0.07115495836065756,0.8698554020923467,0.0218513724878988,0.00937439492077358,0.7107704085779877,0.8854980911722075,0.001855960803415885,-0.04841634394202773,-0.015642689079860772,0.25,0.25,0.25,
synthetic,Family B: Paired subgroup overlap,Medium,8.0,20,0.011033045738166493,0.0030130191512328553,0.6666381061252531,0.08174131142145259,0.8713157170757112,0.02512665989956541,0.00937439492077358,0.7107704085779877,0.8854980911722075,0.001658650817392912,-0.04413230245273454,-0.01418237409649627,0.35,0.3,0.35,
synthetic,Family B: Paired subgroup overlap,Medium,12.0,20,0.010257505925193085,0.002327148618610458,0.6835226983520934,0.07123734238236747,0.8773866655718431,0.020792815391876492,0.00937439492077358,0.7107704085779877,0.8854980911722075,0.0008831110044195056,-0.02724771022589422,-0.008111425600364458,0.4,0.45,0.4,
synthetic,Family B: Paired subgroup overlap,Medium,24.0,20,0.0098221844854397,0.002336048702655388,0.6945609716004555,0.07251706516806383,0.8810215325583283,0.021230826663685302,0.00937439492077358,0.7107704085779877,0.8854980911722075,0.0004477895646661195,-0.01620943697753214,-0.004476558613879122,0.45,0.45,0.45,
synthetic,Family B: Paired subgroup overlap,Small,0.01,20,0.15620112958792862,0.07069099739273767,0.19346265242789332,0.09974200687866136,0.4559239116789189,0.12024298658721112,0.011321212327289717,0.6704449311948673,0.8757277386135843,0.14487991726063892,-0.47698227876697397,-0.4198038269346654,0.0,0.0,0.0,
synthetic,Family B: Paired subgroup overlap,Small,0.05,20,0.019233814248150728,0.010375202560055861,0.5469523965004238,0.14334581675268318,0.8249733817572711,0.061055914590667185,0.011321212327289717,0.6704449311948673,0.8757277386135843,0.007912601920861012,-0.1234925346944434,-0.05075435685631322,0.05,0.1,0.05,
synthetic,Family B: Paired subgroup overlap,Small,0.1,20,0.014053283335225661,0.005528174662391496,0.6345119218908045,0.11994778097852235,0.859040716874709,0.040869600681602974,0.011321212327289717,0.6704449311948673,0.8757277386135843,0.0027320710079359453,-0.03593300930406278,-0.016687021738875346,0.3,0.35,0.3,
synthetic,Family B: Paired subgroup overlap,Small,0.25,20,0.01302314866287162,0.006585868541626464,0.6663969477248883,0.11301263511653953,0.8691560388691277,0.04009497011184607,0.011321212327289717,0.6704449311948673,0.8757277386135843,0.0017019363355819043,-0.0040479834699789306,-0.006571699744456627,0.4,0.5,0.6,
synthetic,Family B: Paired subgroup overlap,Small,0.5,20,0.011183650487646406,0.002971036225430541,0.6963920294702036,0.08682049312989448,0.880488292790351,0.025351727547407506,0.011321212327289717,0.6704449311948673,0.8757277386135843,-0.00013756183964331025,0.025947098275336356,0.0047605541767667126,0.5,0.55,0.6,
synthetic,Family B: Paired subgroup overlap,Small,0.75,20,0.011501312859257217,0.0033851930407456537,0.686868313706866,0.0942253249759286,0.8777783513346904,0.028349610833012816,0.011321212327289717,0.6704449311948673,0.8757277386135843,0.00018010053196750045,0.016423382511998652,0.0020506127211061876,0.45,0.55,0.55,
synthetic,Family B: Paired subgroup overlap,Small,1.0,20,0.011519359954331655,0.0038298085458612734,0.6895424728035888,0.09608714667594168,0.8783219004054594,0.02992082806032237,0.011321212327289717,0.6704449311948673,0.8757277386135843,0.00019814762704193877,0.019097541608721527,0.002594161791875077,0.45,0.45,0.55,
synthetic,Family B: Paired subgroup overlap,Small,2.0,20,0.012492636622625659,0.004406596029692489,0.6563876448320098,0.11436395635038603,0.8689600735483755,0.03494812436246244,0.011321212327289717,0.6704449311948673,0.8757277386135843,0.0011714242953359427,-0.014057286362857321,-0.006767665065208844,0.35,0.35,0.35,
synthetic,Family B: Paired subgroup overlap,Small,4.0,20,0.012340183948401237,0.00402530759662739,0.6529932705363015,0.10114647377108744,0.8693157057195829,0.031522544108283375,0.011321212327289717,0.6704449311948673,0.8757277386135843,0.00101897162111152,-0.017451660658565654,-0.006412032894001335,0.3,0.25,0.25,
synthetic,Family B: Paired subgroup overlap,Small,6.0,20,0.012306261564960171,0.0038570968014002777,0.6521797681921098,0.09950563646273697,0.8694375552706356,0.030739331751756707,0.011321212327289717,0.6704449311948673,0.8757277386135843,0.0009850492376704558,-0.018265163002757445,-0.006290183342948596,0.3,0.4,0.4,
synthetic,Family B: Paired subgroup overlap,Small,8.0,20,0.012086153340369861,0.003857387349980534,0.6586096171164718,0.09889365989354454,0.8715073326087982,0.03049811195052624,0.011321212327289717,0.6704449311948673,0.8757277386135843,0.000764941013080144,-0.011835314078395425,-0.0042204060047861145,0.35,0.45,0.45,
synthetic,Family B: Paired subgroup overlap,Small,12.0,20,0.011931565963241623,0.003583616629133119,0.6634229021997593,0.0939118625701017,0.8724444927126704,0.028830308212857765,0.011321212327289717,0.6704449311948673,0.8757277386135843,0.0006103536359519073,-0.007022028995107859,-0.0032832459009138394,0.3,0.3,0.4,
synthetic,Family B: Paired subgroup overlap,Small,24.0,20,0.011722612663792428,0.0032672524080562424,0.6619380564730837,0.09623834004538333,0.8731210839105067,0.02800408819419299,0.011321212327289717,0.6704449311948673,0.8757277386135843,0.0004014003365027118,-0.008506874721783584,-0.0026066547030775935,0.2,0.3,0.4,
synthetic,Family C: Shared super-prototype,Large,0.01,20,0.14294677781746573,0.048004594056596454,0.17375230195641173,0.11356730209682145,0.4556443013387527,0.09917163707445321,0.011218241940701887,0.6540364739820554,0.8653354854535051,0.13172853587676386,-0.48028417202564366,-0.40969118411475247,0.0,0.0,0.0,
synthetic,Family C: Shared super-prototype,Large,0.05,20,0.014181638825151305,0.006345965935445273,0.589321125224811,0.13157443485899614,0.8431207008653555,0.047732209014895784,0.011218241940701887,0.6540364739820554,0.8653354854535051,0.002963396884449418,-0.06471534875724445,-0.022214784588149565,0.3,0.3,0.3,
synthetic,Family C: Shared super-prototype,Large,0.1,20,0.012060909446223006,0.0041788916647250395,0.6348786366012328,0.09421233841898438,0.8596826604338454,0.032470359299197164,0.011218241940701887,0.6540364739820554,0.8653354854535051,0.0008426675055211187,-0.019157837380822645,-0.005652825019659585,0.55,0.5,0.55,
synthetic,Family C: Shared super-prototype,Large,0.25,20,0.010886443302658628,0.002700552495227913,0.6600475229842606,0.06663133576450699,0.8687743410388503,0.02208682145815674,0.011218241940701887,0.6540364739820554,0.8653354854535051,-0.00033179863804325816,0.006011049002205104,0.003438855585345102,0.55,0.6,0.65,
synthetic,Family C: Shared super-prototype,Large,0.5,20,0.010310076887881988,0.0018969885957702735,0.6719468818020904,0.05325598336276081,0.8730605008264266,0.016589603611371184,0.011218241940701887,0.6540364739820554,0.8653354854535051,-0.0009081650528198999,0.017910407820035012,0.007725015372921545,0.7,0.6,0.7,
synthetic,Family C: Shared super-prototype,Large,0.75,20,0.010186383987927514,0.0017748194326667425,0.6738840058957946,0.051901681920060005,0.8739172314805715,0.01587811557214417,0.011218241940701887,0.6540364739820554,0.8653354854535051,-0.0010318579527743709,0.01984753191373916,0.00858174602706635,0.7,0.6,0.7,
synthetic,Family C: Shared super-prototype,Large,1.0,20,0.010113947452182396,0.0017361582130782825,0.6752462497309732,0.05199121957785811,0.8743825897146321,0.015622181534592848,0.011218241940701887,0.6540364739820554,0.8653354854535051,-0.0011042944885194914,0.021209775748917782,0.009047104261126948,0.7,0.6,0.7,
synthetic,Family C: Shared super-prototype,Large,2.0,20,0.010046829684546493,0.001817305927178851,0.67945772224182,0.05487780026022704,0.875160493054123,0.016180167855170652,0.011218241940701887,0.6540364739820554,0.8653354854535051,-0.0011714122561553933,0.02542124825976455,0.009825007600617964,0.7,0.7,0.7,
synthetic,Family C: Shared super-prototype,Large,4.0,20,0.00990478548861462,0.0018746573707951722,0.6844305354211346,0.052796632397491085,0.8764270297802021,0.016017659529459514,0.011218241940701887,0.6540364739820554,0.8653354854535051,-0.0013134564520872662,0.03039406143907929,0.011091544326697012,0.75,0.65,0.65,
synthetic,Family C: Shared super-prototype,Large,6.0,20,0.009799288536952527,0.0018718796082596776,0.6869780982977287,0.06071674033899661,0.8771567271451157,0.017558938163270893,0.011218241940701887,0.6540364739820554,0.8653354854535051,-0.001418953403749359,0.03294162431567328,0.01182124169161058,0.7,0.65,0.65,
synthetic,Family C: Shared super-prototype,Large,8.0,20,0.009954456088532078,0.002230714574871305,0.6854149910961331,0.0643496099528898,0.8762008037538689,0.01981817013089496,0.011218241940701887,0.6540364739820554,0.8653354854535051,-0.0012637858521698082,0.03137851711407767,0.010865318300363613,0.7,0.65,0.75,
synthetic,Family C: Shared super-prototype,Large,12.0,20,0.009720203297358006,0.0017199037222078572,0.6898214734812514,0.05662279583413326,0.877857883020306,0.016657200293044683,0.011218241940701887,0.6540364739820554,0.8653354854535051,-0.00149803864334388,0.035784999499195946,0.01252239756680088,0.75,0.7,0.75,
synthetic,Family C: Shared super-prototype,Large,24.0,20,0.011127367803960488,0.003039855195907848,0.6559518612725223,0.07107647267584548,0.8663858237266856,0.02348917857225961,0.011218241940701887,0.6540364739820554,0.8653354854535051,-9.087413674139853e-05,0.0019153872904667745,0.0010503382731805399,0.65,0.6,0.65,
synthetic,Family C: Shared super-prototype,Medium,0.01,20,0.15583720373097076,0.06357245910896897,0.1812117476838772,0.08732693787504604,0.43645991018097313,0.11010774376876313,0.010037624887641853,0.6981623396555403,0.8805899693279289,0.1457995788433289,-0.5169505919716632,-0.4441300591469558,0.0,0.0,0.0,
synthetic,Family C: Shared super-prototype,Medium,0.05,20,0.015061876567517996,0.007263910570928875,0.6139233339073378,0.14242786847785177,0.8470159480744069,0.05238437994863103,0.010037624887641853,0.6981623396555403,0.8805899693279289,0.005024251679876144,-0.08423900574820248,-0.033574021253521956,0.25,0.25,0.25,
synthetic,Family C: Shared super-prototype,Medium,0.1,20,0.0120499614342786,0.00497470701449265,0.6592379321605889,0.12096383794367958,0.8671293520457588,0.0391731572136648,0.010037624887641853,0.6981623396555403,0.8805899693279289,0.0020123365466367467,-0.0389244074949515,-0.013460617282169945,0.35,0.4,0.4,
synthetic,Family C: Shared super-prototype,Medium,0.25,20,0.01067952969740596,0.003787348429545428,0.6924823925585648,0.10659085578969639,0.8777792624793278,0.03190425002150737,0.010037624887641853,0.6981623396555403,0.8805899693279289,0.0006419048097641069,-0.005679947096975535,-0.0028107068486011243,0.5,0.6,0.6,
synthetic,Family C: Shared super-prototype,Medium,0.5,20,0.009930377306328193,0.003011143312022061,0.7103574003833384,0.09675399974311506,0.8836560132945429,0.02712039312519108,0.010037624887641853,0.6981623396555403,0.8805899693279289,-0.00010724758131366134,0.012195060727797968,0.0030660439666140072,0.55,0.6,0.6,
synthetic,Family C: Shared super-prototype,Medium,0.75,20,0.009729763604660595,0.002731282953715521,0.7138042089436413,0.09408184622776054,0.8849682525689584,0.025879064464301466,0.010037624887641853,0.6981623396555403,0.8805899693279289,-0.00030786128298125766,0.015641869288100945,0.0043782832410294735,0.6,0.65,0.65,
synthetic,Family C: Shared super-prototype,Medium,1.0,20,0.00975944779290628,0.0026813175105390163,0.7123800647019516,0.09357363636296717,0.8845487802848722,0.025878133178970576,0.010037624887641853,0.6981623396555403,0.8805899693279289,-0.0002781770947355731,0.014217725046411289,0.003958810956943171,0.55,0.65,0.6,
synthetic,Family C: Shared super-prototype,Medium,2.0,20,0.009759324726375425,0.0027004033517356893,0.7050391097770528,0.09426669731752377,0.8834001615177804,0.02598125639133767,0.010037624887641853,0.6981623396555403,0.8805899693279289,-0.0002783001612664287,0.0068767701215124875,0.002810192189851668,0.5,0.5,0.5,
synthetic,Family C: Shared super-prototype,Medium,4.0,20,0.009830048164575214,0.0029529119489050946,0.705040369044047,0.09762730829268605,0.8830116461195925,0.027373818174357984,0.010037624887641853,0.6981623396555403,0.8805899693279289,-0.00020757672306663815,0.006878029388506718,0.0024216767916636186,0.55,0.6,0.55,
synthetic,Family C: Shared super-prototype,Medium,6.0,20,0.009996192540066843,0.0028963844663838444,0.7014494636832018,0.09684311076203261,0.8815016349599624,0.02730227899870631,0.010037624887641853,0.6981623396555403,0.8805899693279289,-4.1432347575009544e-05,0.0032871240276614424,0.000911665632033587,0.5,0.5,0.55,
synthetic,Family C: Shared super-prototype,Medium,8.0,20,0.01008875779876275,0.0026649028813518316,0.6959764287408403,0.09383329575490777,0.8805142653540987,0.02589588081953663,0.010037624887641853,0.6981623396555403,0.8805899693279289,5.113291112089783e-05,-0.00218591091470009,-7.570397383026562e-05,0.5,0.6,0.5,
synthetic,Family C: Shared super-prototype,Medium,12.0,20,0.009840181304578654,0.0026298600166271904,0.7028609179109313,0.09169517346508292,0.8826195415064259,0.025224238914335787,0.010037624887641853,0.6981623396555403,0.8805899693279289,-0.00019744358306319798,0.004698578255391045,0.0020295721784969966,0.5,0.55,0.5,
synthetic,Family C: Shared super-prototype,Medium,24.0,20,0.01034306722468838,0.0027568127480790414,0.6915876563810426,0.08685344870215414,0.8784497659094098,0.024623893964911048,0.010037624887641853,0.6981623396555403,0.8805899693279289,0.00030544233704652796,-0.006574683274497761,-0.002140203418518949,0.5,0.4,0.5,
synthetic,Family C: Shared super-prototype,Small,0.01,20,0.17942750768015484,0.07222425164599686,0.2097686614835927,0.12583294252579003,0.44005920623991057,0.14681365597730267,0.010028757258069981,0.7123856293217226,0.8887253492420604,0.16939875042208485,-0.5026169678381298,-0.44866614300214974,0.0,0.0,0.0,
synthetic,Family C: Shared super-prototype,Small,0.05,20,0.018696482273702318,0.014178455486686989,0.6005007877011626,0.15579210835875085,0.83790478253665,0.07285478283922342,0.010028757258069981,0.7123856293217226,0.8887253492420604,0.008667725015632335,-0.11188484162055992,-0.05082056670541022,0.15,0.1,0.15,
synthetic,Family C: Shared super-prototype,Small,0.1,20,0.012663022996482792,0.004964224932516387,0.6796035647993283,0.08282493411342985,0.8729210109357964,0.032029269936339505,0.010028757258069981,0.7123856293217226,0.8887253492420604,0.0026342657384128094,-0.032782064522394225,-0.015804338306263856,0.3,0.35,0.35,
synthetic,Family C: Shared super-prototype,Small,0.25,20,0.010968829921775652,0.0032294119739334735,0.7108536423493936,0.07384142983318762,0.8848592616967655,0.023361631261499535,0.010028757258069981,0.7123856293217226,0.8887253492420604,0.000940072663705671,-0.0015319869723289582,-0.0038660875452947276,0.4,0.4,0.4,
synthetic,Family C: Shared super-prototype,Small,0.5,20,0.01034161623184086,0.002732941108269615,0.7234815818495204,0.07140458324219506,0.8893096426774415,0.02109896008131079,0.010028757258069981,0.7123856293217226,0.8887253492420604,0.00031285897377087893,0.011095952527797787,0.0005842934353812668,0.55,0.45,0.55,
synthetic,Family C: Shared super-prototype,Small,0.75,20,0.010291126727408732,0.0031144531031454133,0.727649103309471,0.08582532601972298,0.8900640386589528,0.024227945378955038,0.010028757258069981,0.7123856293217226,0.8887253492420604,0.00026236946933874846,0.015263473987748532,0.0013386894168924246,0.55,0.65,0.6,
synthetic,Family C: Shared super-prototype,Small,1.0,20,0.010283578242795233,0.003429303842793182,0.7295399158686714,0.09083209993324304,0.8903504517854561,0.027037051182424332,0.010028757258069981,0.7123856293217226,0.8887253492420604,0.0002548209847252522,0.017154286546948932,0.00162510254339589,0.6,0.55,0.6,
synthetic,Family C: Shared super-prototype,Small,2.0,20,0.009424568107726771,0.002229546359124115,0.7483668988064518,0.06734173735297463,0.8965135390908069,0.01816949386442157,0.010028757258069981,0.7123856293217226,0.8887253492420604,-0.0006041891503432101,0.03598126948472925,0.007788189848746518,0.6,0.7,0.65,
synthetic,Family C: Shared super-prototype,Small,4.0,20,0.009347741516675586,0.002314140750158135,0.748443333727524,0.07436008718080991,0.8962235528964033,0.01983008981967992,0.010028757258069981,0.7123856293217226,0.8887253492420604,-0.0006810157413943967,0.0360577044058015,0.007498203654343094,0.55,0.7,0.55,
synthetic,Family C: Shared super-prototype,Small,6.0,20,0.009703789742767933,0.002567313733126742,0.7311683388945203,0.08299927960522371,0.8926663353778705,0.021713932300382776,0.010028757258069981,0.7123856293217226,0.8887253492420604,-0.0003249675153020486,0.018782709572797734,0.003940986135810204,0.65,0.65,0.65,
synthetic,Family C: Shared super-prototype,Small,8.0,20,0.009651575004691394,0.0026748461904973764,0.732320380098739,0.08413288030102022,0.8928298958796963,0.022537753770663194,0.010028757258069981,0.7123856293217226,0.8887253492420604,-0.0003771822533785879,0.019934750777016546,0.004104546637636058,0.6,0.65,0.65,
synthetic,Family C: Shared super-prototype,Small,12.0,20,0.009627144417791703,0.0027018312149492195,0.7323337991206538,0.08297975151737906,0.8927884279744512,0.02300677718027105,0.010028757258069981,0.7123856293217226,0.8887253492420604,-0.00040161284027827977,0.019948169798931215,0.004063078732391046,0.7,0.7,0.75,
synthetic,Family C: Shared super-prototype,Small,24.0,20,0.009865258523516171,0.0028888554511486285,0.7206571806013847,0.09153794641142514,0.8901271775655724,0.02499115004062138,0.010028757258069981,0.7123856293217226,0.8887253492420604,-0.00016349873455381137,0.008271551279662198,0.0014018283235121998,0.65,0.7,0.65,
synthetic,Family D: Shared prototype with noise,Large,0.01,20,0.17621406159322836,0.05250053711067536,0.1308718401024656,0.09333694871244645,0.37914881101960723,0.11547562288675454,0.012257300722282573,0.623225781842101,0.8558260958894737,0.1639567608709458,-0.49235394173963537,-0.4766772848698664,0.0,0.0,0.0,
synthetic,Family D: Shared prototype with noise,Large,0.05,20,0.014196954935615038,0.007518713552459723,0.6171013081407344,0.13024504225922284,0.8474382793368452,0.052237315317687334,0.012257300722282573,0.623225781842101,0.8558260958894737,0.0019396542133324674,-0.006124473701366653,-0.008387816552628307,0.5,0.55,0.5,
synthetic,Family D: Shared prototype with noise,Large,0.1,20,0.012097760783382521,0.0038831949415462775,0.6427839777380961,0.08863293594496846,0.8605205559415493,0.030618827676159047,0.012257300722282573,0.623225781842101,0.8558260958894737,-0.00015953993890004993,0.019558195895995167,0.004694460052075633,0.6,0.65,0.65,
synthetic,Family D: Shared prototype with noise,Large,0.25,20,0.010878438245330455,0.002626093426719896,0.6672305929435709,0.06780781094555141,0.8696835500633293,0.022131814127486438,0.012257300722282573,0.623225781842101,0.8558260958894737,-0.0013788624769521176,0.04400481110146996,0.013857454173855654,0.75,0.8,0.8,
synthetic,Family D: Shared prototype with noise,Large,0.5,20,0.010469807200866491,0.002211045217644554,0.6746089992710559,0.06001084652744552,0.8726796860213891,0.019057446232392188,0.012257300722282573,0.623225781842101,0.8558260958894737,-0.001787493521416081,0.05138321742895487,0.01685359013191557,0.8,0.8,0.85,
synthetic,Family D: Shared prototype with noise,Large,0.75,20,0.010251475983633289,0.0020991862024644804,0.6794307503849228,0.05813429766053998,0.8744425029182226,0.018144088610755747,0.012257300722282573,0.623225781842101,0.8558260958894737,-0.002005824738649283,0.056204968542821795,0.018616407028749053,0.85,0.85,0.9,
synthetic,Family D: Shared prototype with noise,Large,1.0,20,0.010084405745586555,0.0018726999564904576,0.6847535177580639,0.05167943292082442,0.8759572234134746,0.016185332853125657,0.012257300722282573,0.623225781842101,0.8558260958894737,-0.0021728949766960173,0.061527735915962854,0.020131127524000973,0.85,0.9,0.95,
synthetic,Family D: Shared prototype with noise,Large,2.0,20,0.009963131087757506,0.0015463961805408683,0.6909060824958387,0.04592118651976853,0.87710848883692,0.013769161311486165,0.012257300722282573,0.623225781842101,0.8558260958894737,-0.0022941696345250657,0.06768030065373769,0.021282392947446428,0.9,0.95,0.9,
synthetic,Family D: Shared prototype with noise,Large,4.0,20,0.010257549561418259,0.0018353731822576128,0.6851340518817686,0.05103303958532569,0.8748984087473926,0.015743963689592196,0.012257300722282573,0.623225781842101,0.8558260958894737,-0.0019997511608643146,0.06190827003966763,0.01907231285791894,0.8,0.9,0.85,
synthetic,Family D: Shared prototype with noise,Large,6.0,20,0.01034337357683777,0.002073357350564616,0.6828949309792304,0.060940059362380276,0.8738303480064047,0.018292539511802187,0.012257300722282573,0.623225781842101,0.8558260958894737,-0.0019139271454448035,0.05966914913712934,0.018004252116931175,0.65,0.75,0.75,
synthetic,Family D: Shared prototype with noise,Large,8.0,20,0.010135064079068511,0.0019961740557755065,0.687988304371301,0.05849857345271557,0.8754597627067554,0.017592105177418157,0.012257300722282573,0.623225781842101,0.8558260958894737,-0.0021222366432140606,0.0647625225292,0.019633666817281865,0.7,0.85,0.8,
synthetic,Family D: Shared prototype with noise,Large,12.0,20,0.01028638923974616,0.0017768471215582177,0.68366861402147,0.04838208433850841,0.8741828381803426,0.014676397740682254,0.012257300722282573,0.623225781842101,0.8558260958894737,-0.0019709114825364124,0.06044283217936895,0.018356742290868984,0.65,0.75,0.7,
synthetic,Family D: Shared prototype with noise,Large,24.0,20,0.01126744015937953,0.001949580497987285,0.649971030639301,0.05264125778691932,0.8646791830258319,0.016510836526721143,0.012257300722282573,0.623225781842101,0.8558260958894737,-0.0009898605629030412,0.026745248797200038,0.008853087136358262,0.7,0.7,0.7,
synthetic,Family D: Shared prototype with noise,Medium,0.01,20,0.1985921122095161,0.050511205745230145,0.1518149853994763,0.09131648128552268,0.362076478733116,0.10605600200750641,0.011673314815686103,0.6509990180066467,0.8664743547205175,0.18691879739383,-0.4991840326071705,-0.5043978759874015,0.0,0.0,0.0,
synthetic,Family D: Shared prototype with noise,Medium,0.05,20,0.01823894326874339,0.009497112814815682,0.5551007012332587,0.13971466821605968,0.8252048445107807,0.05838016788249602,0.011673314815686103,0.6509990180066467,0.8664743547205175,0.006565628453057288,-0.09589831677338805,-0.0412695102097367,0.3,0.3,0.25,
synthetic,Family D: Shared prototype with noise,Medium,0.1,20,0.01572980049351618,0.006808286125353879,0.5963634188199191,0.12352926165058295,0.8419034084178761,0.04565596155962091,0.011673314815686103,0.6509990180066467,0.8664743547205175,0.0040564856778300806,-0.05463559918672778,-0.024570946302641384,0.35,0.3,0.3,
synthetic,Family D: Shared prototype with noise,Medium,0.25,20,0.012968916220744087,0.004316876122692996,0.6357629204290906,0.09394611886243359,0.8593896807345708,0.03163689348863692,0.011673314815686103,0.6509990180066467,0.8664743547205175,0.0012956014050579828,-0.015236097577556267,-0.007084673985946704,0.4,0.45,0.4,
synthetic,Family D: Shared prototype with noise,Medium,0.5,20,0.01210246451255514,0.003477665567260947,0.6528255507874972,0.07568299096322859,0.8657134271812945,0.025276117569969413,0.011673314815686103,0.6509990180066467,0.8664743547205175,0.0004291496968690359,0.0018265327808503818,-0.0007609275392229442,0.45,0.45,0.45,
synthetic,Family D: Shared prototype with noise,Medium,0.75,20,0.012013358107759827,0.003307623266057743,0.6538685027906713,0.07411155095025547,0.8663145090926513,0.024366605137914422,0.011673314815686103,0.6509990180066467,0.8664743547205175,0.0003400432920737242,0.002869484784024551,-0.00015984562786622858,0.4,0.4,0.4,
synthetic,Family D: Shared prototype with noise,Medium,1.0,20,0.012019487766771784,0.003166661971942372,0.6520642847679724,0.07250234551930651,0.8659619835812113,0.023617557174837343,0.011673314815686103,0.6509990180066467,0.8664743547205175,0.0003461729510856821,0.0010652667613256616,-0.0005123711393061336,0.4,0.4,0.4,
synthetic,Family D: Shared prototype with noise,Medium,2.0,20,0.01184918439783951,0.0028411275908462484,0.6523536928973064,0.06883199860543249,0.8663308291047102,0.02165078026885084,0.011673314815686103,0.6509990180066467,0.8664743547205175,0.00017586958215340664,0.001354674890659563,-0.00014352561580737165,0.45,0.45,0.45,
synthetic,Family D: Shared prototype with noise,Medium,4.0,20,0.01189282366937042,0.0023351965610394,0.6485419092379341,0.05429040480680042,0.8654571092996786,0.017330305522542243,0.011673314815686103,0.6509990180066467,0.8664743547205175,0.00021950885368431767,-0.0024571087687127015,-0.0010172454208389025,0.3,0.4,0.35,
synthetic,Family D: Shared prototype with noise,Medium,6.0,20,0.011788254718645544,0.0022439642149998545,0.64718713350243,0.05061599991918209,0.8655836525675028,0.01644940795595027,0.011673314815686103,0.6509990180066467,0.8664743547205175,0.00011493990295944069,-0.003811884504216839,-0.000890702153014633,0.4,0.35,0.4,
synthetic,Family D: Shared prototype with noise,Medium,8.0,20,0.011562587036371766,0.002249675554348049,0.6516538744543887,0.054709153875798965,0.8674042236847154,0.01682257900666222,0.011673314815686103,0.6509990180066467,0.8664743547205175,-0.00011072777931433737,0.0006548564477419861,0.0009298689641978164,0.45,0.45,0.45,
synthetic,Family D: Shared prototype with noise,Medium,12.0,20,0.011881525653657287,0.002782306782215067,0.6487937256909355,0.06495253800822814,0.8655357800354823,0.020464409927157635,0.011673314815686103,0.6509990180066467,0.8664743547205175,0.0002082108379711831,-0.002205292315711266,-0.0009385746850352539,0.35,0.45,0.35,
synthetic,Family D: Shared prototype with noise,Medium,24.0,20,0.011006909280472814,0.00233219456015544,0.6630527906722544,0.06572486236639491,0.8712336790340045,0.019383202473828333,0.011673314815686103,0.6509990180066467,0.8664743547205175,-0.000666405535213289,0.012053772665607587,0.0047593243134869566,0.6,0.55,0.6,
synthetic,Family D: Shared prototype with noise,Small,0.01,20,0.21583225274365975,0.07060034248887838,0.1653320031617768,0.08307249913132307,0.40091628245588584,0.12231634087702489,0.01051416891557472,0.701137890105566,0.8841788493245112,0.20531808382808503,-0.5358058869437892,-0.48326256686862523,0.0,0.0,0.0,
synthetic,Family D: Shared prototype with noise,Small,0.05,20,0.015001629021543627,0.00668279495680384,0.6270540996115056,0.10318511630125185,0.8552497138311541,0.04058047863539738,0.01051416891557472,0.701137890105566,0.8841788493245112,0.004487460105968909,-0.07408379049406041,-0.028929135493357055,0.25,0.25,0.3,
synthetic,Family D: Shared prototype with noise,Small,0.1,20,0.013632748386423473,0.005854609829073432,0.6637628440655943,0.10189319749842923,0.8657233515405723,0.037676328205192434,0.01051416891557472,0.701137890105566,0.8841788493245112,0.0031185794708487556,-0.03737504603997179,-0.01845549778393881,0.35,0.4,0.35,
synthetic,Family D: Shared prototype with noise,Small,0.25,20,0.011952631958072637,0.004090785495205898,0.6893494907426965,0.0946229920472014,0.8765669517776523,0.030281609208681014,0.01051416891557472,0.701137890105566,0.8841788493245112,0.0014384630424979182,-0.011788399362869495,-0.007611897546858792,0.35,0.5,0.4,
synthetic,Family D: Shared prototype with noise,Small,0.5,20,0.011181449673418718,0.002889338188144691,0.698552698431481,0.08111547668564976,0.8809891835788676,0.023056863492765905,0.01051416891557472,0.701137890105566,0.8841788493245112,0.0006672807578439988,-0.0025851916740849855,-0.0031896657456434775,0.35,0.5,0.35,
synthetic,Family D: Shared prototype with noise,Small,0.75,20,0.011000159792904956,0.0027836201236696883,0.69916671315941,0.08154264816212445,0.8819770014007757,0.022656636694600985,0.01051416891557472,0.701137890105566,0.8841788493245112,0.00048599087733023575,-0.001971176946155956,-0.002201847923735395,0.3,0.4,0.3,
synthetic,Family D: Shared prototype with noise,Small,1.0,20,0.010879051207199265,0.0027037427310588826,0.6963522243757511,0.08036266354379622,0.882379159094708,0.022167534620512484,0.01051416891557472,0.701137890105566,0.8841788493245112,0.00036488229162454647,-0.004785665729814981,-0.0017996902298030915,0.25,0.3,0.25,
synthetic,Family D: Shared prototype with noise,Small,2.0,20,0.010642135516410366,0.002495692286330745,0.7056629345411977,0.07536369687040163,0.8838522992597996,0.020746389977028098,0.01051416891557472,0.701137890105566,0.8841788493245112,0.00012796660083564805,0.004525044435631609,-0.0003265500647114339,0.35,0.45,0.35,
synthetic,Family D: Shared prototype with noise,Small,4.0,20,0.010251027562275129,0.002649742817804187,0.7163863491135766,0.077202606005297,0.8874713285430029,0.021999714558863365,0.01051416891557472,0.701137890105566,0.8841788493245112,-0.0002631413532995915,0.015248459008010551,0.003292479218491978,0.4,0.5,0.4,
synthetic,Family D: Shared prototype with noise,Small,6.0,20,0.010501080105909692,0.0026821927786793045,0.7068601142182798,0.07633486880846972,0.8853680185645535,0.022037404326354884,0.01051416891557472,0.701137890105566,0.8841788493245112,-1.3088809665027243e-05,0.005722224112713753,0.0011891692400425092,0.45,0.55,0.45,
synthetic,Family D: Shared prototype with noise,Small,8.0,20,0.010411586276462246,0.0023610399178814957,0.708123966985154,0.07038910731701611,0.8859516065603078,0.019557579952344653,0.01051416891557472,0.701137890105566,0.8841788493245112,-0.00010258263911247299,0.006986076879587999,0.0017727572357967626,0.35,0.4,0.35,
synthetic,Family D: Shared prototype with noise,Small,12.0,20,0.010449166502789178,0.0022863881628985006,0.7087320982679548,0.0655624918755522,0.8853478407941943,0.018186540270960932,0.01051416891557472,0.701137890105566,0.8841788493245112,-6.500241278554149e-05,0.007594208162388849,0.0011689914696831338,0.45,0.4,0.45,
synthetic,Family D: Shared prototype with noise,Small,24.0,20,0.010716360199341943,0.0022604308932498785,0.701984578400179,0.06576342660557451,0.8830678997739154,0.018184564499695872,0.01051416891557472,0.701137890105566,0.8841788493245112,0.00020219128376722456,0.0008466882946129683,-0.0011109495505956801,0.35,0.55,0.35,
synthetic,Family E: Cross-block leakage,Large,0.01,20,0.18428775087926147,0.03666048481649143,0.16682421759658617,0.02596420109112165,0.4022836589270815,0.040049505818867986,0.017660215009061404,0.5874548301318533,0.8308534203078187,0.16662753587020007,-0.4206306125352671,-0.4285697613807371,0.0,0.0,0.0,
synthetic,Family E: Cross-block leakage,Large,0.05,20,0.03491580213720866,0.016874965732356934,0.396573812085483,0.10337279806607969,0.734482920274788,0.07336818204051693,0.017660215009061404,0.5874548301318533,0.8308534203078187,0.01725558712814725,-0.1908810180463703,-0.09637050003303056,0.1,0.15,0.1,
synthetic,Family E: Cross-block leakage,Large,0.1,20,0.020351916107422343,0.0039671316441343505,0.5088863417018505,0.07507270730962586,0.8054454387504256,0.02852976607525074,0.017660215009061404,0.5874548301318533,0.8308534203078187,0.0026917010983609365,-0.07856848843000278,-0.025407981557392944,0.25,0.15,0.2,
synthetic,Family E: Cross-block leakage,Large,0.25,20,0.0196199318563336,0.0033842423226819315,0.520253084590736,0.06695903280773365,0.8107127237471135,0.024693174534646013,0.017660215009061404,0.5874548301318533,0.8308534203078187,0.0019597168472721958,-0.06720174554111724,-0.020140696560705256,0.3,0.15,0.2,
synthetic,Family E: Cross-block leakage,Large,0.5,20,0.019792454469129233,0.0030681142541848054,0.5186402479963074,0.061900526397107684,0.8097587171323924,0.022542201921185844,0.017660215009061404,0.5874548301318533,0.8308534203078187,0.0021322394600678278,-0.06881458213554588,-0.02109470317542611,0.25,0.15,0.15,
synthetic,Family E: Cross-block leakage,Large,0.75,20,0.019822746488951427,0.00289220170048253,0.5182013954899622,0.058909142521457576,0.8096436974796326,0.0214377868520428,0.017660215009061404,0.5874548301318533,0.8308534203078187,0.00216253147989002,-0.069253434641891,-0.02120972282818604,0.2,0.15,0.15,
synthetic,Family E: Cross-block leakage,Large,1.0,20,0.019796128154758598,0.0027840031165421697,0.518630124604462,0.057302208244881685,0.8098128365104621,0.02075533066469771,0.017660215009061404,0.5874548301318533,0.8308534203078187,0.0021359131456971897,-0.06882470552739123,-0.021040583797356432,0.2,0.15,0.15,
synthetic,Family E: Cross-block leakage,Large,2.0,20,0.019716197533982804,0.0026948140596118504,0.5209262285896876,0.05584957825894535,0.8106397172634578,0.019978163439155847,0.017660215009061404,0.5874548301318533,0.8308534203078187,0.0020559825249213967,-0.06652860154216564,-0.020213703044360754,0.2,0.15,0.15,
synthetic,Family E: Cross-block leakage,Large,4.0,20,0.01944440818419535,0.002674519580404473,0.5274019402296098,0.057095398941855245,0.8126788026691718,0.020167250975693992,0.017660215009061404,0.5874548301318533,0.8308534203078187,0.0017841931751339441,-0.060052889902243445,-0.018174617638646744,0.2,0.15,0.15,
synthetic,Family E: Cross-block leakage,Large,6.0,20,0.01921604415387399,0.0026937803771309183,0.5331092300607289,0.05787903036111191,0.8145319211996533,0.02037011281174542,0.017660215009061404,0.5874548301318533,0.8308534203078187,0.0015558291448125824,-0.05434560007112439,-0.016321499108165348,0.15,0.15,0.15,
synthetic,Family E: Cross-block leakage,Large,8.0,20,0.019084487501129385,0.00276341374467475,0.5388783896473432,0.05933560851553749,0.8161022370886428,0.020808619452260924,0.017660215009061404,0.5874548301318533,0.8308534203078187,0.001424272492067978,-0.04857644048451003,-0.014751183219175757,0.2,0.15,0.15,
synthetic,Family E: Cross-block leakage,Large,12.0,20,0.018760009823262615,0.002854487961287886,0.5480801303036935,0.061572766856305194,0.8189659455963045,0.021441433095375398,0.017660215009061404,0.5874548301318533,0.8308534203078187,0.001099794814201209,-0.0393746998281598,-0.011887474711514117,0.2,0.2,0.15,
synthetic,Family E: Cross-block leakage,Large,24.0,20,0.01798033527526268,0.0027601491457786057,0.5705192416268245,0.06222766736815766,0.825706159384203,0.02089186821693336,0.017660215009061404,0.5874548301318533,0.8308534203078187,0.00032012026620127567,-0.01693558850502871,-0.005147260923615682,0.3,0.25,0.25,
synthetic,Family E: Cross-block leakage,Medium,0.01,20,0.19579560332123738,0.03815068145123331,0.16018757748892937,0.036951064969010794,0.3929114221721986,0.05413874853360429,0.017568270141945144,0.5788995117056537,0.833036061237119,0.17822733317929224,-0.4187119342167243,-0.4401246390649206,0.0,0.0,0.0,
synthetic,Family E: Cross-block leakage,Medium,0.05,20,0.036466913414223846,0.02516756925370964,0.4070800431351861,0.10962186962205285,0.7386322537591432,0.09351685876857338,0.017568270141945144,0.5788995117056537,0.833036061237119,0.0188986432722787,-0.17181946857046757,-0.09440380747797598,0.0,0.0,0.0,
synthetic,Family E: Cross-block leakage,Medium,0.1,20,0.018967716437823107,0.0028400857046985057,0.5275660723233349,0.077842003966581,0.8185574477391983,0.02417488164912665,0.017568270141945144,0.5788995117056537,0.833036061237119,0.0013994462958779614,-0.05133343938231886,-0.014478613497920834,0.25,0.2,0.2,
synthetic,Family E: Cross-block leakage,Medium,0.25,20,0.017968376575893348,0.0033193729189895044,0.5587560068045129,0.07512065434502094,0.8280347062267961,0.024719846077746233,0.017568270141945144,0.5788995117056537,0.833036061237119,0.0004001064339482031,-0.020143504901140842,-0.005001355010323066,0.45,0.35,0.4,
synthetic,Family E: Cross-block leakage,Medium,0.5,20,0.01822726431196178,0.004411718297966546,0.5699082853953928,0.06754760617504038,0.8299221758323208,0.023591775040443005,0.017568270141945144,0.5788995117056537,0.833036061237119,0.0006589941700166364,-0.008991226310260874,-0.003113885404798444,0.45,0.35,0.45,
synthetic,Family E: Cross-block leakage,Medium,0.75,20,0.018209671596201914,0.004600252023375891,0.5735364582589116,0.06530630494793148,0.830913397954219,0.023015934289675844,0.017568270141945144,0.5788995117056537,0.833036061237119,0.0006414014542567711,-0.005363053446742058,-0.0021226632829001502,0.45,0.45,0.45,
synthetic,Family E: Cross-block leakage,Medium,1.0,20,0.018032489957193462,0.004308642121087341,0.5758586189828112,0.06104655190481201,0.8320621621425458,0.02189784131003538,0.017568270141945144,0.5788995117056537,0.833036061237119,0.00046421981524831713,-0.0030408927228425834,-0.0009738990945733217,0.4,0.45,0.4,
synthetic,Family E: Cross-block leakage,Medium,2.0,20,0.01751879640069837,0.0028906430692257792,0.581029927380789,0.06054689759637474,0.8337336563086776,0.02107074306136717,0.017568270141945144,0.5788995117056537,0.833036061237119,-4.947374124677504e-05,0.0021304156751352525,0.0006975950715584045,0.45,0.5,0.45,
synthetic,Family E: Cross-block leakage,Medium,4.0,20,0.01706533185037932,0.002663057031384458,0.5884703832637113,0.06142451651590398,0.8365052546274182,0.02058609050432707,0.017568270141945144,0.5788995117056537,0.833036061237119,-0.0005029382915658264,0.009570871558057633,0.003469193390299008,0.55,0.5,0.55,
synthetic,Family E: Cross-block leakage,Medium,6.0,20,0.01694692258122173,0.002632362200244794,0.5921415312917568,0.05904328409764676,0.8374551329900815,0.019791822651127316,0.017568270141945144,0.5788995117056537,0.833036061237119,-0.0006213475607234159,0.013242019586103057,0.00441907175296225,0.55,0.55,0.55,
synthetic,Family E: Cross-block leakage,Medium,8.0,20,0.01677898712583552,0.002471130281630263,0.5958664684898654,0.05591824425194246,0.8386426774166816,0.018552865443097425,0.017568270141945144,0.5788995117056537,0.833036061237119,-0.000789283016109623,0.01696695678421165,0.005606616179562473,0.65,0.55,0.6,
synthetic,Family E: Cross-block leakage,Medium,12.0,20,0.016610838073932405,0.002197151914203294,0.5992857039433012,0.05564074804830696,0.8398602618870742,0.01734077874671048,0.017568270141945144,0.5788995117056537,0.833036061237119,-0.0009574320680127417,0.020386192237647392,0.006824200649955014,0.65,0.6,0.65,
synthetic,Family E: Cross-block leakage,Medium,24.0,20,0.01656387615316764,0.0022619618404331634,0.5987822601910076,0.05707875704415928,0.8398827632242819,0.01822325094567184,0.017568270141945144,0.5788995117056537,0.833036061237119,-0.0010043939887775047,0.019882748485353915,0.0068467019871626626,0.7,0.6,0.65,
synthetic,Family E: Cross-block leakage,Small,0.01,20,0.21654364057089115,0.0441193140014486,0.13607842864640032,0.03369650264005719,0.3724349814207362,0.05672823476741214,0.015219821500337965,0.6318936194881888,0.856499148870142,0.20132381907055316,-0.4958151908417884,-0.4840641674494058,0.0,0.0,0.0,
synthetic,Family E: Cross-block leakage,Small,0.05,20,0.06309813179129352,0.06766789843884094,0.3702697278024706,0.15216618390161613,0.6885613583799476,0.15632633069796026,0.015219821500337965,0.6318936194881888,0.856499148870142,0.04787831029095556,-0.2616238916857181,-0.1679377904901944,0.0,0.0,0.0,
synthetic,Family E: Cross-block leakage,Small,0.1,20,0.023026334774760203,0.010466068749731123,0.5265159263810415,0.13299848716758397,0.8098602955211496,0.059997919375933254,0.015219821500337965,0.6318936194881888,0.856499148870142,0.007806513274422238,-0.10537769310714722,-0.04663885334899234,0.05,0.2,0.15,
synthetic,Family E: Cross-block leakage,Small,0.25,20,0.019163870997838263,0.005265448617624225,0.58614786809926,0.0796774844602355,0.8354361782261845,0.02923544941590905,0.015219821500337965,0.6318936194881888,0.856499148870142,0.003944049497500298,-0.04574575138892874,-0.02106297064395731,0.1,0.25,0.25,
synthetic,Family E: Cross-block leakage,Small,0.5,20,0.018139333602150462,0.0038709141154405747,0.6032852077972403,0.07088655065875915,0.8417088605389115,0.02401254262088427,0.015219821500337965,0.6318936194881888,0.856499148870142,0.0029195121018124968,-0.028608411690948445,-0.014790288331230528,0.15,0.35,0.3,
synthetic,Family E: Cross-block leakage,Small,0.75,20,0.017916981470798794,0.003793043161526775,0.6073598141314254,0.06689475866661185,0.8429954642554522,0.02337995452946764,0.015219821500337965,0.6318936194881888,0.856499148870142,0.002697159970460828,-0.024533805356763406,-0.013503684614689777,0.15,0.4,0.3,
synthetic,Family E: Cross-block leakage,Small,1.0,20,0.017474958017596322,0.003230810051043492,0.6121267311455199,0.06722322283801334,0.8450368667936223,0.022396134304980362,0.015219821500337965,0.6318936194881888,0.856499148870142,0.002255136517258359,-0.01976688834266884,-0.011462282076519632,0.2,0.35,0.3,
synthetic,Family E: Cross-block leakage,Small,2.0,20,0.016746720719804938,0.0029762850917058902,0.6295722467154217,0.06540196556753657,0.8487907475875822,0.020213907581015406,0.015219821500337965,0.6318936194881888,0.856499148870142,0.0015268992194669745,-0.0023213727727670027,-0.007708401282559729,0.15,0.45,0.2,
synthetic,Family E: Cross-block leakage,Small,4.0,20,0.016786133830512022,0.0029253743034289453,0.624882519568432,0.06352759378357893,0.8488814984244586,0.019475300338620233,0.015219821500337965,0.6318936194881888,0.856499148870142,0.0015663123301740546,-0.007011099919756713,-0.00761765044568341,0.1,0.5,0.35,
synthetic,Family E: Cross-block leakage,Small,6.0,20,0.016669002128865795,0.0028120046178869633,0.6257469273648579,0.056652088372845584,0.8491512192078318,0.017875927095183895,0.015219821500337965,0.6318936194881888,0.856499148870142,0.0014491806285278296,-0.006146692123330763,-0.00734792966231006,0.15,0.5,0.35,
synthetic,Family E: Cross-block leakage,Small,8.0,20,0.016213167425483226,0.002658416195998002,0.6303237299218308,0.05295449763297478,0.8517771919912155,0.016004196855038403,0.015219821500337965,0.6318936194881888,0.856499148870142,0.00099334592514526,-0.0015698895663579016,-0.004721956878926498,0.15,0.55,0.3,
synthetic,Family E: Cross-block leakage,Small,12.0,20,0.016102137002393095,0.0026932184142438435,0.6243712889973014,0.058754512083753326,0.8513837129435411,0.017036848417209812,0.015219821500337965,0.6318936194881888,0.856499148870142,0.0008823155020551299,-0.007522330490887227,-0.005115435926600909,0.2,0.35,0.2,
synthetic,Family E: Cross-block leakage,Small,24.0,20,0.0159438945272262,0.0027310081485369853,0.6235757184807209,0.055936734076864225,0.8523794287681271,0.01771367526365519,0.015219821500337965,0.6318936194881888,0.856499148870142,0.0007240730268882353,-0.008317901007467838,-0.004119720102014762,0.3,0.35,0.3,
real,,,0.01,1,0.02656830335010217,,0.08467560963446866,,0.7449093236257252,,0.003237420590426865,0.9428514436742632,0.9463099868681328,0.023330882759675306,-0.8581758340397946,-0.20140066324240768,0.0,0.0,0.0,20 Newsgroups Term x Document
real,,,0.05,1,0.018904013471633018,,0.23323193537126616,,0.7850809937000283,,0.003237420590426865,0.9428514436742632,0.9463099868681328,0.015666592881206153,-0.709619508302997,-0.16122899316810457,0.0,0.0,0.0,20 Newsgroups Term x Document
real,,,0.1,1,0.013828947034786114,,0.389916720690171,,0.822430974584019,,0.003237420590426865,0.9428514436742632,0.9463099868681328,0.01059152644435925,-0.5529347229840922,-0.1238790122841138,0.0,0.0,0.0,20 Newsgroups Term x Document
real,,,0.25,1,0.00635866087064762,,0.9448461576821423,,0.9106503183231105,,0.003237420590426865,0.9428514436742632,0.9463099868681328,0.0031212402802207554,0.001994714007879095,-0.03565966854502234,0.0,1.0,0.0,20 Newsgroups Term x Document
real,,,0.5,1,0.006289010581466589,,0.9533236922156286,,0.9111354909489853,,0.003237420590426865,0.9428514436742632,0.9463099868681328,0.0030515899910397238,0.010472248541365414,-0.035174495919147564,0.0,1.0,0.0,20 Newsgroups Term x Document
real,,,0.75,1,0.006295317078382596,,0.9461925896374608,,0.9106960305191243,,0.003237420590426865,0.9428514436742632,0.9463099868681328,0.0030578964879557314,0.003341145963197567,-0.035613956349008546,0.0,1.0,0.0,20 Newsgroups Term x Document
real,,,1.0,1,0.006307167423512029,,0.9426021044232783,,0.9107645988131452,,0.003237420590426865,0.9428514436742632,0.9463099868681328,0.003069746833085164,-0.0002493392509849146,-0.03554538805498764,0.0,0.0,0.0,20 Newsgroups Term x Document
real,,,2.0,1,0.006304375359731119,,0.9462424574876577,,0.9108497897238984,,0.003237420590426865,0.9428514436742632,0.9463099868681328,0.003066954769304254,0.003391013813394461,-0.03546019714423443,0.0,1.0,0.0,20 Newsgroups Term x Document
real,,,4.0,1,0.0042905154770283465,,0.9424525008726874,,0.9455983310892802,,0.003237420590426865,0.9428514436742632,0.9463099868681328,0.0010530948866014815,-0.00039894280157581896,-0.0007116557788526823,0.0,0.0,0.0,20 Newsgroups Term x Document
real,,,6.0,1,0.004269275225246984,,0.9437490649778089,,0.9458227364151665,,0.003237420590426865,0.9428514436742632,0.9463099868681328,0.0010318546348201188,0.0008976213035456482,-0.00048725045296638125,0.0,1.0,0.0,20 Newsgroups Term x Document
real,,,8.0,1,0.004270389428159366,,0.9437490649778089,,0.9458206585880748,,0.003237420590426865,0.9428514436742632,0.9463099868681328,0.001032968837732501,0.0008976213035456482,-0.0004893282800579879,0.0,1.0,0.0,20 Newsgroups Term x Document
real,,,12.0,1,0.004202179662330654,,0.9430509150750511,,0.946249729882478,,0.003237420590426865,0.9428514436742632,0.9463099868681328,0.0009647590719037893,0.00019947140078790948,-6.02569856548163e-05,0.0,1.0,0.0,20 Newsgroups Term x Document
real,,,24.0,1,0.0032630350912455507,,0.9434498578766269,,0.9461447996143553,,0.003237420590426865,0.9428514436742632,0.9463099868681328,2.561450081868576e-05,0.0005984142023637284,-0.0001651872537775656,0.0,1.0,0.0,20 Newsgroups Term x Document
real,,,0.01,1,0.3137966323438614,,0.23070978252342267,,0.4906258189381054,,0.033853978888515324,0.4305482065568462,0.9236490268442,0.2799426534553461,-0.19983842403342356,-0.4330232079060946,0.0,0.0,0.0,ACS OCCP x INDP
real,,,0.05,1,0.06107402731521478,,0.2051246955845361,,0.7734843629071879,,0.033853978888515324,0.4305482065568462,0.9236490268442,0.027220048426699457,-0.22542351097231011,-0.1501646639370121,0.0,0.0,0.0,ACS OCCP x INDP
real,,,0.1,1,0.05498552468541731,,0.2834506483903328,,0.7895812781638205,,0.033853978888515324,0.4305482065568462,0.9236490268442,0.021131545796901983,-0.14709755816651343,-0.13406774868037952,0.0,0.0,0.0,ACS OCCP x INDP
real,,,0.25,1,0.03704246737180398,,0.5249599815723278,,0.8932064024476756,,0.033853978888515324,0.4305482065568462,0.9236490268442,0.0031884884832886554,0.09441177501548159,-0.030442624396524454,0.0,1.0,0.0,ACS OCCP x INDP
real,,,0.5,1,0.04012913991217232,,0.39449573442786584,,0.8869662331823844,,0.033853978888515324,0.4305482065568462,0.9236490268442,0.006275161023656994,-0.036052472128980384,-0.036682793661815594,0.0,0.0,0.0,ACS OCCP x INDP
real,,,0.75,1,0.040826513536915195,,0.39449573442786584,,0.8869662331823844,,0.033853978888515324,0.4305482065568462,0.9236490268442,0.006972534648399871,-0.036052472128980384,-0.036682793661815594,0.0,0.0,0.0,ACS OCCP x INDP
real,,,1.0,1,0.04187918685893971,,0.3940016591581692,,0.885395888937666,,0.033853978888515324,0.4305482065568462,0.9236490268442,0.008025207970424386,-0.03654654739867702,-0.03825313790653406,0.0,0.0,0.0,ACS OCCP x INDP
real,,,2.0,1,0.04353114984721786,,0.3044538548720662,,0.8798161558718454,,0.033853978888515324,0.4305482065568462,0.9236490268442,0.00967717095870254,-0.12609435168478,-0.043832870972354665,0.0,0.0,0.0,ACS OCCP x INDP
real,,,4.0,1,0.03605739515569593,,0.339448071186899,,0.9223946431780613,,0.033853978888515324,0.4305482065568462,0.9236490268442,0.0022034162671806037,-0.09110013536994721,-0.0012543836661387253,0.0,0.0,0.0,ACS OCCP x INDP
real,,,6.0,1,0.03605739515569593,,0.339448071186899,,0.9223946431780613,,0.033853978888515324,0.4305482065568462,0.9236490268442,0.0022034162671806037,-0.09110013536994721,-0.0012543836661387253,0.0,0.0,0.0,ACS OCCP x INDP
real,,,8.0,1,0.03605739515569593,,0.339448071186899,,0.9223946431780613,,0.033853978888515324,0.4305482065568462,0.9236490268442,0.0022034162671806037,-0.09110013536994721,-0.0012543836661387253,0.0,0.0,0.0,ACS OCCP x INDP
real,,,12.0,1,0.03605739515569593,,0.339448071186899,,0.9223946431780613,,0.033853978888515324,0.4305482065568462,0.9236490268442,0.0022034162671806037,-0.09110013536994721,-0.0012543836661387253,0.0,0.0,0.0,ACS OCCP x INDP
real,,,24.0,1,0.0343597986726647,,0.42942485298756966,,0.9224294176199037,,0.033853978888515324,0.4305482065568462,0.9236490268442,0.000505819784149375,-0.001123353569276564,-0.0012196092242963141,0.0,0.0,0.0,ACS OCCP x INDP
real,,,0.01,1,0.13936258107925215,,0.135640478924061,,0.36482081351484336,,0.02806482127494401,0.3767426603247499,0.7442970586627302,0.11129775980430814,-0.2411021814006889,-0.37947624514788686,0.0,0.0,0.0,CIP -> SOC
real,,,0.05,1,0.0365458148363449,,0.3913400032803018,,0.7141114482532394,,0.02806482127494401,0.3767426603247499,0.7442970586627302,0.00848099356140089,0.014597342955551873,-0.03018561040949086,0.0,1.0,0.0,CIP -> SOC
real,,,0.1,1,0.02913518433827314,,0.4172543874036411,,0.7470443114099831,,0.02806482127494401,0.3767426603247499,0.7442970586627302,0.0010703630633291314,0.040511727078891224,0.0027472527472528485,0.0,1.0,1.0,CIP -> SOC
real,,,0.25,1,0.02476580121557231,,0.4390683942922749,,0.7698253239298015,,0.02806482127494401,0.3767426603247499,0.7442970586627302,-0.0032990200593716983,0.062325733967525,0.025528265267071304,1.0,1.0,1.0,CIP -> SOC
real,,,0.5,1,0.022833096583202636,,0.43890437920288666,,0.7788837406374721,,0.02806482127494401,0.3767426603247499,0.7442970586627302,-0.005231724691741373,0.06216171887813676,0.034586681974741906,1.0,1.0,1.0,CIP -> SOC
real,,,0.75,1,0.02202072897149218,,0.44300475643759224,,0.7845422612213657,,0.02806482127494401,0.3767426603247499,0.7442970586627302,-0.006044092303451827,0.06626209611284234,0.04024520255863551,1.0,1.0,1.0,CIP -> SOC
real,,,1.0,1,0.021409247568418995,,0.455305888141709,,0.7889399158055875,,0.02806482127494401,0.3767426603247499,0.7442970586627302,-0.0066555737065250135,0.07856322781695912,0.04464285714285732,1.0,1.0,1.0,CIP -> SOC
real,,,2.0,1,0.02038010938582964,,0.47908807610300147,,0.7974618664917171,,0.02806482127494401,0.3767426603247499,0.7442970586627302,-0.007684711889114369,0.10234541577825157,0.053164807828986915,1.0,1.0,1.0,CIP -> SOC
real,,,4.0,1,0.019727273698532378,,0.5230441200590454,,0.8036671040402384,,0.02806482127494401,0.3767426603247499,0.7442970586627302,-0.008337547576411631,0.14630145973429554,0.05937004537750823,1.0,1.0,1.0,CIP -> SOC
real,,,6.0,1,0.01954473922401358,,0.5578153190093489,,0.8068790662074244,,0.02806482127494401,0.3767426603247499,0.7442970586627302,-0.008520082050930428,0.18107265868459899,0.06258200754469423,1.0,1.0,1.0,CIP -> SOC
real,,,8.0,1,0.019652517508315183,,0.5627357716909955,,0.8068619813022799,,0.02806482127494401,0.3767426603247499,0.7442970586627302,-0.008412303766628826,0.18599311136624563,0.06256492263954971,1.0,1.0,1.0,CIP -> SOC
real,,,12.0,1,0.020500860067433943,,0.563719862227325,,0.8038926247881472,,0.02806482127494401,0.3767426603247499,0.7442970586627302,-0.007563961207510066,0.18697720190257505,0.05959556612541694,1.0,1.0,1.0,CIP -> SOC
real,,,24.0,1,0.02194263469158577,,0.5133672297851403,,0.7944890929965557,,0.02806482127494401,0.3767426603247499,0.7442970586627302,-0.006122186583358238,0.13662456946039037,0.050192034333825464,1.0,1.0,1.0,CIP -> SOC
real,,,0.01,1,0.032451842395839016,,0.6540363911748512,,0.7932724667581285,,0.01894864880093299,0.7753445996880279,0.8706622907396077,0.013503193594906027,-0.1213082085131767,-0.0773898239814792,0.0,0.0,0.0,LODES Home x Work County
real,,,0.05,1,0.028275191007269676,,0.6931498391763714,,0.8251441168459126,,0.01894864880093299,0.7753445996880279,0.8706622907396077,0.009326542206336687,-0.08219476051165653,-0.04551817389369506,0.0,0.0,0.0,LODES Home x Work County
real,,,0.1,1,0.02890766887705321,,0.6978624830945515,,0.8249891212322225,,0.01894864880093299,0.7753445996880279,0.8706622907396077,0.00995902007612022,-0.07748211659347648,-0.0456731695073852,0.0,0.0,0.0,LODES Home x Work County
real,,,0.25,1,0.028693470393856384,,0.594516683406802,,0.8205601416913824,,0.01894864880093299,0.7753445996880279,0.8706622907396077,0.009744821592923395,-0.18082791628122596,-0.0501021490482253,0.0,0.0,0.0,LODES Home x Work County
real,,,0.5,1,0.02302984865248202,,0.760304928003497,,0.8616362560008687,,0.01894864880093299,0.7753445996880279,0.8706622907396077,0.00408119985154903,-0.015039671684530909,-0.009026034738738975,0.0,0.0,0.0,LODES Home x Work County
real,,,0.75,1,0.025857909205000692,,0.7462453024952894,,0.8422750075928057,,0.01894864880093299,0.7753445996880279,0.8706622907396077,0.006909260404067703,-0.029099297192738516,-0.028387283146801945,0.0,0.0,0.0,LODES Home x Work County
real,,,1.0,1,0.024474911436962753,,0.7644290569770169,,0.8608547016578418,,0.01894864880093299,0.7753445996880279,0.8706622907396077,0.005526262636029764,-0.010915542711011028,-0.009807589081765822,0.0,0.0,0.0,LODES Home x Work County
real,,,2.0,1,0.019903875430225766,,0.776580446269038,,0.8638395472530053,,0.01894864880093299,0.7753445996880279,0.8706622907396077,0.0009552266292927776,0.0012358465810100583,-0.0068227434866023895,0.0,1.0,0.0,LODES Home x Work County
real,,,4.0,1,0.018992236993584405,,0.7756045764258523,,0.8707791048076324,,0.01894864880093299,0.7753445996880279,0.8706622907396077,4.358819265141631e-05,0.0002599767378244078,0.00011681406802477312,0.0,1.0,1.0,LODES Home x Work County
real,,,6.0,1,0.01899261192299381,,0.7766497037935722,,0.86633426825191,,0.01894864880093299,0.7753445996880279,0.8706622907396077,4.3963122060820814e-05,0.001305104105544297,-0.0043280224876977025,0.0,1.0,0.0,LODES Home x Work County
real,,,8.0,1,0.018918226660774716,,0.7742162936853146,,0.8706706071529914,,0.01894864880093299,0.7753445996880279,0.8706622907396077,-3.0422140158272576e-05,-0.0011283060027132974,8.316413383724353e-06,1.0,0.0,1.0,LODES Home x Work County
real,,,12.0,1,0.018808719150568323,,0.7733406558374348,,0.8698466441771127,,0.01894864880093299,0.7753445996880279,0.8706622907396077,-0.00013992965036466534,-0.002003943850593104,-0.0008156465624949982,1.0,0.0,0.0,LODES Home x Work County
real,,,24.0,1,0.018837864466830733,,0.7730684981279586,,0.869187247578365,,0.01894864880093299,0.7753445996880279,0.8706622907396077,-0.00011078433410225547,-0.002276101560069299,-0.001475043161242695,1.0,0.0,0.0,LODES Home x Work County
real,,,0.01,1,0.33328986244297976,,0.11715143943879401,,0.035954970845435856,,0.01245841214059899,0.8738526493299565,0.2044053719208947,0.32083145030238075,-0.7567012098911625,-0.16845040107545883,0.0,0.0,0.0,MBTA GTFS Route x Station
real,,,0.05,1,0.012502866704390903,,0.8750957094277274,,0.20430010446664665,,0.01245841214059899,0.8738526493299565,0.2044053719208947,4.445456379191352e-05,0.001243060097770865,-0.00010526745424804806,0.0,1.0,0.0,MBTA GTFS Route x Station
real,,,0.1,1,0.012502866704390903,,0.8750957094277274,,0.20430010446664665,,0.01245841214059899,0.8738526493299565,0.2044053719208947,4.445456379191352e-05,0.001243060097770865,-0.00010526745424804806,0.0,1.0,0.0,MBTA GTFS Route x Station
real,,,0.25,1,0.012502866704390903,,0.8750957094277274,,0.20430010446664665,,0.01245841214059899,0.8738526493299565,0.2044053719208947,4.445456379191352e-05,0.001243060097770865,-0.00010526745424804806,0.0,1.0,0.0,MBTA GTFS Route x Station
real,,,0.5,1,0.012502866704390903,,0.8750957094277274,,0.20430010446664665,,0.01245841214059899,0.8738526493299565,0.2044053719208947,4.445456379191352e-05,0.001243060097770865,-0.00010526745424804806,0.0,1.0,0.0,MBTA GTFS Route x Station
real,,,0.75,1,0.012502866704390903,,0.8750957094277274,,0.20430010446664665,,0.01245841214059899,0.8738526493299565,0.2044053719208947,4.445456379191352e-05,0.001243060097770865,-0.00010526745424804806,0.0,1.0,0.0,MBTA GTFS Route x Station
real,,,1.0,1,0.012502866704390903,,0.8750957094277274,,0.20430010446664665,,0.01245841214059899,0.8738526493299565,0.2044053719208947,4.445456379191352e-05,0.001243060097770865,-0.00010526745424804806,0.0,1.0,0.0,MBTA GTFS Route x Station
real,,,2.0,1,0.012463788465714807,,0.8750957094277274,,0.2044053719208947,,0.01245841214059899,0.8738526493299565,0.2044053719208947,5.376325115817593e-06,0.001243060097770865,0.0,0.0,1.0,0.0,MBTA GTFS Route x Station
real,,,4.0,1,0.012463788465714807,,0.8750957094277274,,0.2044053719208947,,0.01245841214059899,0.8738526493299565,0.2044053719208947,5.376325115817593e-06,0.001243060097770865,0.0,0.0,1.0,0.0,MBTA GTFS Route x Station
real,,,6.0,1,0.01245841214059899,,0.8738526493299565,,0.2044053719208947,,0.01245841214059899,0.8738526493299565,0.2044053719208947,0.0,0.0,0.0,0.0,0.0,0.0,MBTA GTFS Route x Station
real,,,8.0,1,0.01245841214059899,,0.8738526493299565,,0.2044053719208947,,0.01245841214059899,0.8738526493299565,0.2044053719208947,0.0,0.0,0.0,0.0,0.0,0.0,MBTA GTFS Route x Station
real,,,12.0,1,0.01245841214059899,,0.8738526493299565,,0.2044053719208947,,0.01245841214059899,0.8738526493299565,0.2044053719208947,0.0,0.0,0.0,0.0,0.0,0.0,MBTA GTFS Route x Station
real,,,24.0,1,0.01245841214059899,,0.8738526493299565,,0.2044053719208947,,0.01245841214059899,0.8738526493299565,0.2044053719208947,0.0,0.0,0.0,0.0,0.0,0.0,MBTA GTFS Route x Station
real,,,0.01,1,0.005738275538857036,,0.7632799892415277,,1.0,,0.004391809429005071,0.8470615922539,1.0,0.0013464661098519654,-0.08378160301237225,0.0,0.0,0.0,0.0,OpenAlex Author x Topic
real,,,0.05,1,0.005473906899739762,,0.7829814416352878,,1.0,,0.004391809429005071,0.8470615922539,1.0,0.0010820974707346906,-0.06408015061861216,0.0,0.0,0.0,0.0,OpenAlex Author x Topic
real,,,0.1,1,0.005473906899739762,,0.7829814416352878,,1.0,,0.004391809429005071,0.8470615922539,1.0,0.0010820974707346906,-0.06408015061861216,0.0,0.0,0.0,0.0,OpenAlex Author x Topic
real,,,0.25,1,0.0043341844141948985,,0.8470615922539,,1.0,,0.004391809429005071,0.8470615922539,1.0,-5.762501481017257e-05,0.0,0.0,1.0,0.0,0.0,OpenAlex Author x Topic
real,,,0.5,1,0.004528110215262767,,0.8470615922539,,1.0,,0.004391809429005071,0.8470615922539,1.0,0.0001363007862576959,0.0,0.0,0.0,0.0,0.0,OpenAlex Author x Topic
real,,,0.75,1,0.004532455029620177,,0.8470615922539,,1.0,,0.004391809429005071,0.8470615922539,1.0,0.00014064560061510627,0.0,0.0,0.0,0.0,0.0,OpenAlex Author x Topic
real,,,1.0,1,0.004504570400162172,,0.8470615922539,,1.0,,0.004391809429005071,0.8470615922539,1.0,0.00011276097115710086,0.0,0.0,0.0,0.0,0.0,OpenAlex Author x Topic
real,,,2.0,1,0.004534205924958239,,0.8470615922539,,1.0,,0.004391809429005071,0.8470615922539,1.0,0.00014239649595316779,0.0,0.0,0.0,0.0,0.0,OpenAlex Author x Topic
real,,,4.0,1,0.004528110215262767,,0.8470615922539,,1.0,,0.004391809429005071,0.8470615922539,1.0,0.0001363007862576959,0.0,0.0,0.0,0.0,0.0,OpenAlex Author x Topic
real,,,6.0,1,0.0045298611106008285,,0.8470615922539,,1.0,,0.004391809429005071,0.8470615922539,1.0,0.0001380516815957574,0.0,0.0,0.0,0.0,0.0,OpenAlex Author x Topic
real,,,8.0,1,0.004580152785204704,,0.8470615922539,,1.0,,0.004391809429005071,0.8470615922539,1.0,0.00018834335619963283,0.0,0.0,0.0,0.0,0.0,OpenAlex Author x Topic
real,,,12.0,1,0.004673539388877918,,0.8470615922539,,1.0,,0.004391809429005071,0.8470615922539,1.0,0.00028172995987284667,0.0,0.0,0.0,0.0,0.0,OpenAlex Author x Topic
real,,,24.0,1,0.0045298611106008285,,0.8470615922539,,1.0,,0.004391809429005071,0.8470615922539,1.0,0.0001380516815957574,0.0,0.0,0.0,0.0,0.0,OpenAlex Author x Topic
real,,,0.01,1,0.019777209086194264,,0.5469255663430421,,0.7733568346432423,,0.002187368261325039,0.9819694868238558,0.9416223609184775,0.017589840824869224,-0.43504392048081364,-0.16826552627523517,0.0,0.0,0.0,SIC -> NAICS
real,,,0.05,1,0.0016723300479672357,,0.9879796578825705,,0.9564166281399292,,0.002187368261325039,0.9819694868238558,0.9416223609184775,-0.0005150382133578034,0.006010171058714708,0.014794267221451718,1.0,1.0,1.0,SIC -> NAICS
real,,,0.1,1,0.0016294867037648917,,0.9907535829865927,,0.9573990599476037,,0.002187368261325039,0.9819694868238558,0.9416223609184775,-0.0005578815575601474,0.008784096162736899,0.01577669902912615,1.0,1.0,1.0,SIC -> NAICS
real,,,0.25,1,0.0014754318750945109,,0.9893666204345816,,0.9653066728309447,,0.002187368261325039,0.9819694868238558,0.9416223609184775,-0.0007119363862305283,0.0073971336107258034,0.023684311912467226,1.0,1.0,1.0,SIC -> NAICS
real,,,0.5,1,0.00149111884672037,,0.9852057327785483,,0.9648828787178302,,0.002187368261325039,0.9819694868238558,0.9416223609184775,-0.0006962494146046691,0.003236245954692518,0.023260517799352676,1.0,1.0,1.0,SIC -> NAICS
real,,,0.75,1,0.0015688686095104581,,0.984743411927878,,0.9628987517337033,,0.002187368261325039,0.9819694868238558,0.9416223609184775,-0.000618499651814581,0.00277392510402219,0.02127639081522581,1.0,1.0,1.0,SIC -> NAICS
real,,,1.0,1,0.0016396689559626488,,0.9828941285251965,,0.9607605177993528,,0.002187368261325039,0.9819694868238558,0.9416223609184775,-0.0005476993053623903,0.0009246417013407671,0.01913815688087528,1.0,1.0,1.0,SIC -> NAICS
real,,,2.0,1,0.0018575627837412365,,0.9805825242718447,,0.9545288179996919,,0.002187368261325039,0.9819694868238558,0.9416223609184775,-0.00032980547758380266,-0.001386962552011095,0.012906457081214406,1.0,0.0,1.0,SIC -> NAICS
real,,,4.0,1,0.0018837556091292002,,0.9764216366158114,,0.9535463861920173,,0.002187368261325039,0.9819694868238558,0.9416223609184775,-0.000303612652195839,-0.00554785020804438,0.011924025273539751,1.0,0.0,1.0,SIC -> NAICS
real,,,6.0,1,0.0019190311032178033,,0.9791955617198336,,0.9516393126830021,,0.002187368261325039,0.9819694868238558,0.9416223609184775,-0.00026833715810723586,-0.00277392510402219,0.010016951764524551,1.0,0.0,1.0,SIC -> NAICS
real,,,8.0,1,0.0019730984596184917,,0.9750346740638003,,0.9502234550778241,,0.002187368261325039,0.9819694868238558,0.9416223609184775,-0.0002142698017065475,-0.006934812760055475,0.008601094159346623,1.0,0.0,1.0,SIC -> NAICS
real,,,12.0,1,0.0020178843089626282,,0.9768839574664817,,0.9471220527045769,,0.002187368261325039,0.9819694868238558,0.9416223609184775,-0.00016948395236241094,-0.005085529357374052,0.0054996917860994365,1.0,0.0,1.0,SIC -> NAICS
real,,,24.0,1,0.0019438211487277633,,0.9875173370319001,,0.9461588842656803,,0.002187368261325039,0.9819694868238558,0.9416223609184775,-0.0002435471125972759,0.00554785020804438,0.004536523347202781,1.0,1.0,1.0,SIC -> NAICS
