suite,alpha,n_cases,tw_two_sum_mean,tw_two_sum_std,tw_band_mass_10_mean,tw_band_mass_10_std,tw_mwb_auc_mean,tw_mwb_auc_std,ow_two_sum_mean,ow_band_mass_10_mean,ow_mwb_auc_mean,delta_two_sum_mean,delta_band_mass_10_mean,delta_mwb_auc_mean,tw_win_rate_two_sum,tw_win_rate_band,tw_win_rate_mwb
real,0.01,7,0.12442638660529796,0.14305125580266023,0.3617741796114525,0.2845591270564446,0.6004200326179259,0.3250187358083925,0.014734637055106898,0.7469100912359428,0.8044208708505776,0.10969174955019108,-0.3851359116244903,-0.20400083823265175,0.0,0.0,0.0
real,0.05,7,0.02349259289750861,0.020608453441136276,0.5955576117654372,0.3168099153027789,0.7512196649018491,0.26191684594658127,0.014734637055106898,0.7469100912359428,0.8044208708505776,0.008757955842401712,-0.15135247947050548,-0.05320120594872842,0.14285714285714285,0.42857142857142855,0.14285714285714285
real,0.1,7,0.02092336932048933,0.018364770897896853,0.6339021390897577,0.2711439456180751,0.7636778356863279,0.2628174879351708,0.014734637055106898,0.7469100912359428,0.8044208708505776,0.0061887322653824345,-0.11300795214618505,-0.04074303516424965,0.14285714285714285,0.42857142857142855,0.2857142857142857
real,0.25,7,0.01645326897793723,0.013732870659546651,0.7449878770099652,0.22047372434998438,0.7948355662413659,0.2721096956783878,0.014734637055106898,0.7469100912359428,0.8044208708505776,0.0017186319228303314,-0.0019222142259776587,-0.009585304609211658,0.42857142857142855,0.7142857142857143,0.2857142857142857
real,0.5,7,0.01582902735652823,0.01370380662873722,0.7506273954728648,0.23979135167922683,0.801114957707741,0.2727010496384797,0.014734637055106898,0.7469100912359428,0.8044208708505776,0.0010943903014213308,0.0037173042369220382,-0.003305913142836514,0.2857142857142857,0.5714285714285714,0.2857142857142857
real,0.75,7,0.016229237019330316,0.014116116268986442,0.748119870943959,0.2377970447134447,0.7988111983880043,0.27179260811376077,0.014734637055106898,0.7469100912359428,0.8044208708505776,0.0014945999642234167,0.0012097797080162945,-0.00560967246257326,0.2857142857142857,0.5714285714285714,0.2857142857142857
real,1.0,7,0.016102517049764172,0.014231934638952727,0.7516271627009996,0.2345826923354234,0.80157367535432,0.27205141940959804,0.014734637055106898,0.7469100912359428,0.8044208708505776,0.0013678799946572752,0.004717071465056828,-0.0028471954962575674,0.2857142857142857,0.42857142857142855,0.2857142857142857
real,2.0,7,0.01556786674248838,0.014312381194954182,0.7441578086693194,0.25466367739414203,0.8015573641801504,0.2712118985350471,0.014734637055106898,0.7469100912359428,0.8044208708505776,0.0008332296873814835,-0.002752282566623449,-0.002863506670427166,0.2857142857142857,0.5714285714285714,0.2857142857142857
real,4.0,7,0.013991867944992548,0.01209274177743076,0.754161172405989,0.23592755115478223,0.8143415630325892,0.2763066360410333,0.014734637055106898,0.7469100912359428,0.8044208708505776,-0.0007427691101143507,0.0072510811700462,0.009920692182011621,0.2857142857142857,0.42857142857142855,0.42857142857142855
real,6.0,7,0.013967332268909703,0.012075376843709991,0.7596817088959027,0.2310741703763328,0.8139250569509227,0.2760019225478784,0.014734637055106898,0.7469100912359428,0.8044208708505776,-0.0007673047861971948,0.012771617659959933,0.009504186100345138,0.2857142857142857,0.42857142857142855,0.2857142857142857
real,8.0,7,0.013987170305481054,0.012062953851466732,0.7594425881698107,0.22968195589570264,0.8143395310314466,0.2760272411234394,0.014734637055106898,0.7469100912359428,0.8044208708505776,-0.0007474667496258442,0.0125324969338679,0.00991866018086905,0.42857142857142855,0.2857142857142857,0.42857142857142855
real,12.0,7,0.01410271283920977,0.012115881681428605,0.7596225290538641,0.22972999664164348,0.8134158666644673,0.27579615039617966,0.014734637055106898,0.7469100912359428,0.8044208708505776,-0.0006319242158971289,0.012712437817921227,0.008994995813889692,0.42857142857142855,0.2857142857142857,0.2857142857142857
real,24.0,7,0.013905061046036334,0.011927856570918613,0.7668202881990075,0.21444228364990578,0.8118306877136793,0.27576564153902056,0.014734637055106898,0.7469100912359428,0.8044208708505776,-0.0008295760090705646,0.019910196963064657,0.007409816863101667,0.42857142857142855,0.42857142857142855,0.2857142857142857
synthetic,0.01,300,0.1782684558553734,0.05985907908840703,0.17159461519968236,0.0950557144509804,0.4180185398724538,0.10942409906311172,0.01090670565709002,0.695559802717632,0.8775501562565938,0.16736175019828337,-0.5239651875179496,-0.45953161638414003,0.0,0.0,0.0
synthetic,0.05,300,0.020525515242819134,0.024426014374830267,0.5842350924154395,0.17294319675385106,0.8267752753912859,0.08933089764146997,0.01090670565709002,0.695559802717632,0.8775501562565938,0.009618809585729115,-0.11132471030219253,-0.05077488086530784,0.18333333333333332,0.21,0.21
synthetic,0.1,300,0.013297856540461705,0.006815360445156359,0.6523381290223071,0.13710726780679156,0.8612489675010422,0.04796239189442619,0.01090670565709002,0.695559802717632,0.8775501562565938,0.0023911508833716856,-0.043221673695324765,-0.01630118875555161,0.3233333333333333,0.3333333333333333,0.3433333333333333
synthetic,0.25,300,0.011936856967296698,0.005682107834475747,0.6823352202659027,0.12828370800404792,0.8717315413006638,0.04207670525200278,0.01090670565709002,0.695559802717632,0.8775501562565938,0.001030151310206678,-0.01322458245172939,-0.005818614955930042,0.4066666666666667,0.44666666666666666,0.4533333333333333
synthetic,0.5,300,0.011325531580605518,0.005165979829677235,0.6958667392302805,0.11992336890505112,0.8763747269544369,0.03892195383091003,0.01090670565709002,0.695559802717632,0.8775501562565938,0.0004188259235154973,0.0003069365126485048,-0.0011754293021568826,0.45,0.47333333333333333,0.48333333333333334
synthetic,0.75,300,0.01122826801292712,0.005133083646450093,0.6978362451500937,0.11890111053335106,0.8771252950464264,0.03848006887654037,0.01090670565709002,0.695559802717632,0.8775501562565938,0.00032156235583710057,0.002276442432461679,-0.0004248612101672474,0.4533333333333333,0.49333333333333335,0.49
synthetic,1.0,300,0.011137822290143668,0.00506318616666061,0.6995203874717366,0.1186658674196243,0.8777522013818995,0.038292066911198255,0.01090670565709002,0.695559802717632,0.8775501562565938,0.00023111663305364714,0.003960584754104644,0.00020204512530555367,0.45,0.48333333333333334,0.4866666666666667
synthetic,2.0,300,0.010960690385142111,0.004872106118635958,0.7025524060785157,0.11709411311007265,0.8785510675342191,0.03762995870520694,0.01090670565709002,0.695559802717632,0.8775501562565938,5.3984728052091254e-05,0.006992603360883575,0.001000911277625173,0.4633333333333333,0.51,0.4766666666666667
synthetic,4.0,300,0.010856376870212707,0.004769355321892862,0.7030743365207729,0.11665974806007257,0.8790883089735113,0.03723230251514785,0.01090670565709002,0.695559802717632,0.8775501562565938,-5.032878687731286e-05,0.007514533803140964,0.0015381527169175098,0.4766666666666667,0.5233333333333333,0.49666666666666665
synthetic,6.0,300,0.010949500744200934,0.004657736788440959,0.698863536104896,0.11428046148188326,0.8779527272079795,0.036324677777267333,0.01090670565709002,0.695559802717632,0.8775501562565938,4.279508711091489e-05,0.003303733387264072,0.0004025709513855909,0.46,0.5066666666666667,0.49333333333333335
synthetic,8.0,300,0.010858135787511132,0.004569612796839282,0.700218381250468,0.11240597256274137,0.8785580478504079,0.03572329876761792,0.01090670565709002,0.695559802717632,0.8775501562565938,-4.856986957888821e-05,0.004658578532835992,0.001007891593814183,0.4866666666666667,0.5266666666666666,0.5
synthetic,12.0,300,0.010720483120163108,0.004488154454799129,0.7035612504103012,0.11091027878630733,0.8795974262907519,0.03515597091526403,0.01090670565709002,0.695559802717632,0.8775501562565938,-0.00018622253692691124,0.00800144769266919,0.0020472700341582026,0.49666666666666665,0.5033333333333333,0.5033333333333333
synthetic,24.0,300,0.010824076503194254,0.004334660146441917,0.6982882655932943,0.10890617736045922,0.8782919216007042,0.03429398049090115,0.01090670565709002,0.695559802717632,0.8775501562565938,-8.262915389576681e-05,0.00272846287566232,0.0007417653441103438,0.5066666666666667,0.5066666666666667,0.51
