search_grid,suite,group,n_cases,mean_best_alpha,median_best_alpha,mode_best_alpha,best_alpha_counts
expanded,real,ACS OCCP x INDP,1,24.0,24.0,24.0,"{""24"": 1}"
expanded,real,CIP -> SOC,1,6.0,6.0,6.0,"{""6"": 1}"
expanded,real,MBTA GTFS Route x Station,1,2.0,2.0,2.0,"{""2"": 1}"
expanded,real,LODES Home x Work County,1,4.0,4.0,4.0,"{""4"": 1}"
expanded,real,SIC -> NAICS,1,0.25,0.25,0.25,"{""0.25"": 1}"
expanded,real,OpenAlex Author x Topic,1,0.01,0.01,0.01,"{""0.01"": 1}"
expanded,real,20 Newsgroups Term x Document,1,12.0,12.0,12.0,"{""12"": 1}"
expanded,synthetic,Family A: Clean one-to-one / Large,20,6.25,3.0,0.25,"{""0.25"": 4, ""0.5"": 2, ""1"": 1, ""12"": 1, ""2"": 3, ""24"": 3, ""4"": 3, ""6"": 2, ""8"": 1}"
expanded,synthetic,Family A: Clean one-to-one / Medium,20,4.5075,2.0,4.0,"{""0.05"": 1, ""0.1"": 1, ""0.25"": 2, ""0.5"": 2, ""0.75"": 2, ""1"": 1, ""2"": 2, ""24"": 2, ""4"": 5, ""6"": 1, ""8"": 1}"
expanded,synthetic,Family A: Clean one-to-one / Small,20,10.48,6.0,24.0,"{""0.1"": 1, ""0.25"": 1, ""0.5"": 1, ""0.75"": 1, ""12"": 2, ""2"": 2, ""24"": 6, ""4"": 1, ""6"": 4, ""8"": 1}"
expanded,synthetic,Family E: Cross-block leakage / Large,20,15.745,24.0,24.0,"{""0.1"": 4, ""0.25"": 2, ""2"": 1, ""24"": 13}"
expanded,synthetic,Family E: Cross-block leakage / Medium,20,15.575,24.0,24.0,"{""0.5"": 1, ""1"": 1, ""2"": 2, ""24"": 12, ""4"": 3, ""6"": 1}"
expanded,synthetic,Family E: Cross-block leakage / Small,20,14.0,16.0,24.0,"{""0.5"": 2, ""1"": 1, ""2"": 2, ""24"": 10, ""4"": 1, ""6"": 1, ""8"": 3}"
expanded,synthetic,Family B: Paired subgroup overlap / Large,20,12.540000000000001,12.0,12.0,"{""0.05"": 1, ""0.75"": 1, ""12"": 6, ""2"": 1, ""24"": 6, ""4"": 2, ""8"": 3}"
expanded,synthetic,Family B: Paired subgroup overlap / Medium,20,12.5125,12.0,24.0,"{""0.25"": 1, ""0.5"": 1, ""0.75"": 2, ""12"": 3, ""2"": 2, ""24"": 8, ""4"": 2, ""8"": 1}"
expanded,synthetic,Family B: Paired subgroup overlap / Small,20,7.1775,3.0,0.5,"{""0.05"": 1, ""0.25"": 2, ""0.5"": 4, ""1"": 1, ""12"": 1, ""2"": 2, ""24"": 4, ""4"": 1, ""6"": 4}"
expanded,synthetic,Family C: Shared super-prototype / Large,20,6.5375,7.0,8.0,"{""0.75"": 1, ""12"": 4, ""2"": 3, ""4"": 4, ""6"": 2, ""8"": 6}"
expanded,synthetic,Family C: Shared super-prototype / Medium,20,9.8625,4.0,24.0,"{""0.5"": 3, ""0.75"": 1, ""1"": 1, ""12"": 2, ""2"": 2, ""24"": 6, ""4"": 4, ""6"": 1}"
expanded,synthetic,Family C: Shared super-prototype / Small,20,6.842499999999999,2.0,2.0,"{""0.1"": 1, ""0.5"": 2, ""0.75"": 1, ""1"": 3, ""12"": 1, ""2"": 5, ""24"": 4, ""4"": 2, ""6"": 1}"
expanded,synthetic,Family D: Shared prototype with noise / Large,20,6.705,6.0,6.0,"{""0.05"": 2, ""0.5"": 1, ""0.75"": 2, ""1"": 2, ""12"": 3, ""2"": 1, ""24"": 2, ""4"": 1, ""6"": 4, ""8"": 2}"
expanded,synthetic,Family D: Shared prototype with noise / Medium,20,12.2925,10.0,24.0,"{""0.1"": 1, ""0.25"": 2, ""0.5"": 1, ""0.75"": 1, ""12"": 2, ""24"": 8, ""4"": 3, ""8"": 2}"
expanded,synthetic,Family D: Shared prototype with noise / Small,20,10.2925,8.0,24.0,"{""0.1"": 1, ""0.25"": 2, ""0.5"": 1, ""0.75"": 1, ""12"": 1, ""24"": 6, ""4"": 4, ""8"": 4}"
submitted,real,ACS OCCP x INDP,1,4.0,4.0,4.0,"{""4"": 1}"
submitted,real,CIP -> SOC,1,6.0,6.0,6.0,"{""6"": 1}"
submitted,real,MBTA GTFS Route x Station,1,2.0,2.0,2.0,"{""2"": 1}"
submitted,real,LODES Home x Work County,1,4.0,4.0,4.0,"{""4"": 1}"
submitted,real,SIC -> NAICS,1,1.0,1.0,1.0,"{""1"": 1}"
submitted,real,OpenAlex Author x Topic,1,1.0,1.0,1.0,"{""1"": 1}"
submitted,real,20 Newsgroups Term x Document,1,12.0,12.0,12.0,"{""12"": 1}"
submitted,synthetic,Family A: Clean one-to-one / Large,20,3.45,2.0,1.0,"{""1"": 7, ""12"": 1, ""2"": 5, ""4"": 3, ""6"": 2, ""8"": 2}"
submitted,synthetic,Family A: Clean one-to-one / Medium,20,4.35,4.0,4.0,"{""1"": 5, ""12"": 3, ""2"": 4, ""4"": 6, ""6"": 1, ""8"": 1}"
submitted,synthetic,Family A: Clean one-to-one / Small,20,6.5,6.0,12.0,"{""1"": 4, ""12"": 7, ""2"": 3, ""4"": 1, ""6"": 4, ""8"": 1}"
submitted,synthetic,Family E: Cross-block leakage / Large,20,9.7,12.0,12.0,"{""1"": 2, ""12"": 15, ""2"": 1, ""4"": 1, ""6"": 1}"
submitted,synthetic,Family E: Cross-block leakage / Medium,20,8.55,12.0,12.0,"{""1"": 1, ""12"": 12, ""2"": 2, ""4"": 4, ""6"": 1}"
submitted,synthetic,Family E: Cross-block leakage / Small,20,7.15,8.0,12.0,"{""1"": 3, ""12"": 7, ""2"": 3, ""4"": 1, ""6"": 1, ""8"": 5}"
submitted,synthetic,Family B: Paired subgroup overlap / Large,20,8.3,8.0,12.0,"{""12"": 9, ""2"": 3, ""4"": 2, ""6"": 2, ""8"": 4}"
submitted,synthetic,Family B: Paired subgroup overlap / Medium,20,6.15,4.0,12.0,"{""1"": 7, ""12"": 8, ""2"": 2, ""4"": 2, ""8"": 1}"
submitted,synthetic,Family B: Paired subgroup overlap / Small,20,4.65,4.0,1.0,"{""1"": 5, ""12"": 3, ""2"": 4, ""4"": 3, ""6"": 4, ""8"": 1}"
submitted,synthetic,Family C: Shared super-prototype / Large,20,6.6,7.0,8.0,"{""12"": 4, ""2"": 4, ""4"": 4, ""6"": 2, ""8"": 6}"
submitted,synthetic,Family C: Shared super-prototype / Medium,20,6.45,5.0,12.0,"{""1"": 3, ""12"": 7, ""2"": 2, ""4"": 5, ""6"": 3}"
submitted,synthetic,Family C: Shared super-prototype / Small,20,4.7,2.0,1.0,"{""1"": 6, ""12"": 5, ""2"": 5, ""4"": 3, ""6"": 1}"
submitted,synthetic,Family D: Shared prototype with noise / Large,20,5.5,6.0,1.0,"{""1"": 6, ""12"": 4, ""2"": 1, ""4"": 2, ""6"": 5, ""8"": 2}"
submitted,synthetic,Family D: Shared prototype with noise / Medium,20,7.15,8.0,12.0,"{""1"": 5, ""12"": 9, ""2"": 1, ""4"": 3, ""8"": 2}"
submitted,synthetic,Family D: Shared prototype with noise / Small,20,6.3,6.0,12.0,"{""1"": 4, ""12"": 5, ""2"": 1, ""4"": 4, ""6"": 2, ""8"": 4}"
