suite,method,n_cases,selected_alpha_mean,two_sum_mean,band_mass_10_mean,mwb_auc_mean
real,One-Walk,7,,0.014734637055106898,0.7469100912359429,0.8044208708505776
synthetic,One-Walk,300,,0.01090670565709002,0.695559802717632,0.8775501562565936
real,TW fixed alpha=1,7,1.0,0.016102517049764176,0.7516271627009996,0.80157367535432
synthetic,TW fixed alpha=1,300,1.0,0.011137822290143668,0.6995203874717366,0.8777522013818995
real,TW global alpha=12,7,12.0,0.01410271283920977,0.7596225290538641,0.8134158666644672
synthetic,TW global alpha=12,300,12.0,0.010720483120163108,0.7035612504103012,0.8795974262907521
real,TW adaptive submitted grid,7,4.285714285714286,0.013914939836780599,0.7601386159862822,0.8159240619708348
synthetic,TW adaptive submitted grid,300,6.366666666666666,0.00998886684757824,0.7286963707900398,0.8869489169854209
real,TW adaptive expanded grid,7,6.894285714285714,0.013825207204608525,0.7619482832288084,0.8165784804670396
synthetic,TW adaptive expanded grid,300,10.088,0.009594814033576567,0.7389627354184867,0.8901817885796186
