dataset,method,alpha,single_r2s,single_band_released,single_band_eq16,single_mwb_band,single_mwb_block,comp_r2s,comp_band_released,comp_band_eq16,comp_mwb_band,comp_mwb_block,seconds
SIC -> NAICS,One-walk,,0.6640645795500685,0.9764216366158114,0.9778085991678225,0.9440977038064418,0.6827992310874273,0.09509129277426534,0.989828941285252,0.994914470642626,0.9750828324857452,0.7518796992481204,6.187295988000187
SIC -> NAICS,Two-walk,1.0,0.18036770549103062,0.9611650485436893,0.9805825242718447,0.9695638773308676,0.7581575297466969,0.15339093747127214,0.9805825242718447,0.9852057327785483,0.9634766527970411,0.6892717229968125,5.842033910999817
SIC -> NAICS,Two-walk,2.0,0.3427271618590004,0.8904299583911235,0.9241793804900601,0.9410926182770842,0.6649633793220917,0.13897282239057832,0.9754969949144706,0.9870550161812298,0.9658942055786716,0.7045526437452856,1.0993752959993799
SIC -> NAICS,Two-walk,4.0,0.2116572722276986,0.9542302357836339,0.97457235321313,0.9628120665742026,0.7413923157408082,0.12244934027085703,0.9773462783171522,0.9875173370319001,0.9690341346894745,0.7169623086843322,6.366072714000438
SIC -> NAICS,Two-walk,6.0,0.2153887719997921,0.955617198335645,0.9773462783171522,0.9616755278163045,0.7260627296396331,0.11855338944931157,0.9842810910772076,0.9893666204345816,0.9702380952380953,0.7298586271504002,5.495617578000747
SIC -> NAICS,Two-walk,8.0,0.21459295612507304,0.9537679149329634,0.9736477115117892,0.9583525967021113,0.700635082852763,0.11474189343771768,0.9856680536292187,0.9902912621359223,0.970584835876098,0.7365501131469451,5.431089873000019
SIC -> NAICS,Two-walk,12.0,0.21619321705652642,0.9574664817383264,0.9754969949144706,0.9574664817383265,0.7057692775628391,0.10662148764561756,0.9879796578825705,0.9916782246879334,0.9717310063183849,0.7310752609679539,5.400899566000589
CIP -> SOC,One-walk,,2.517541916212151,0.43529604723634574,0.4334918812530753,0.7682705975616424,0.28290876444843455,2.8064846845367977,0.37854682630802033,0.3767426603247499,0.7452811491990595,0.25096035151023366,24.13660446100039
CIP -> SOC,Two-walk,1.0,2.145011749730203,0.46285058225356734,0.46235853698540264,0.7909115138592752,0.2978168728365114,4.275869984799962,0.3575528948663277,0.3568968345087748,0.6855010660980811,0.2550607287449393,12.16317820400036
CIP -> SOC,Two-walk,2.0,2.0107313064940446,0.49270132852222404,0.49204526816467115,0.801473402219671,0.3204509551720863,2.0380045715320554,0.4799081515499426,0.47908807610300147,0.7974823683778908,0.31151644898699105,12.464147314000002
CIP -> SOC,Two-walk,4.0,1.6872880685075777,0.5779891750041004,0.5761850090208299,0.8270187523918867,0.36049653410219,1.9727190109899455,0.5248482860423159,0.5230441200590454,0.8036807719643542,0.323385962034823,18.19828645800044
CIP -> SOC,Two-walk,6.0,1.8679208275227381,0.5665081187469247,0.5663441036575365,0.8130672188508009,0.3336757508006526,1.9546188953032289,0.5581433491881254,0.5578153190093489,0.8068927341315401,0.3233169030498175,19.207594518000406
CIP -> SOC,Two-walk,8.0,1.6775237381875645,0.6191569624405445,0.6178448417254387,0.8296498277841562,0.36072960817658384,1.9652508676596219,0.5640478924061013,0.5627357716909955,0.8068756492263955,0.3296012706853241,25.285511385000063
CIP -> SOC,Two-walk,12.0,2.0286149680420853,0.5776611448253239,0.5763490241102182,0.8082151057897327,0.35061246687326814,3.4482944364091836,0.36558963424635066,0.36526160406757424,0.7186833688699361,0.27203197431005754,24.085185160999572
ACS OCCP x INDP,One-walk,,3.385397888851532,0.8754312726277294,0.4305482065568462,0.9212721937442727,0.2821039770160121,3.385397888851532,0.8754312726277294,0.4305482065568462,0.9212721937442727,0.2821039770160121,0.0028821380001318175
ACS OCCP x INDP,Two-walk,1.0,4.187918685893971,0.7531509817242226,0.3940016591581692,0.8705783253964148,0.22166066745316937,4.187918685893971,0.7531509817242226,0.3940016591581692,0.8705783253964148,0.22166066745316937,0.0027632239998638397
ACS OCCP x INDP,Two-walk,2.0,4.3531149847217865,0.7833530017576393,0.3044538548720662,0.8798161558718454,0.266176287005021,4.3531149847217865,0.7833530017576393,0.3044538548720662,0.8798161558718454,0.266176287005021,0.002719852999689465
ACS OCCP x INDP,Two-walk,4.0,3.605739515569592,0.8807709577215118,0.339448071186899,0.9223946431780613,0.2512865591760118,3.605739515569592,0.8807709577215118,0.339448071186899,0.9223946431780613,0.2512865591760118,0.0027070500000263564
ACS OCCP x INDP,Two-walk,6.0,3.605739515569592,0.8807709577215118,0.339448071186899,0.9223946431780613,0.2512865591760118,3.605739515569592,0.8807709577215118,0.339448071186899,0.9223946431780613,0.2512865591760118,0.0026865809995797463
ACS OCCP x INDP,Two-walk,8.0,3.6057395155695926,0.8754312726277294,0.339448071186899,0.9212721937442727,0.26026653533494726,3.6057395155695926,0.8754312726277294,0.339448071186899,0.9212721937442727,0.26026653533494726,0.0027193630003239377
ACS OCCP x INDP,Two-walk,12.0,3.605739515569592,0.8807709577215118,0.339448071186899,0.9223946431780613,0.2512865591760118,3.605739515569592,0.8807709577215118,0.339448071186899,0.9223946431780613,0.2512865591760118,0.002721837000535743
LODES Home x Work,One-walk,,1.8948648800932988,0.7753445996880279,0.7753445996880279,0.8706622907396077,0.5487997749762399,1.8948648800932988,0.7753445996880279,0.7753445996880279,0.8706622907396077,0.5487997749762399,0.01655086500068137
LODES Home x Work,Two-walk,1.0,2.447491143696275,0.7644290569770169,0.7644290569770169,0.8608547016578418,0.5248025464495252,2.447491143696275,0.7644290569770169,0.7644290569770169,0.8608547016578418,0.5248025464495252,0.01603095900009066
LODES Home x Work,Two-walk,2.0,1.9903875430225766,0.776580446269038,0.776580446269038,0.8638395472530053,0.5116630330736642,1.9903875430225766,0.776580446269038,0.776580446269038,0.8638395472530053,0.5116630330736642,0.016106670999761263
LODES Home x Work,Two-walk,4.0,1.8992236993584406,0.7756045764258523,0.7756045764258523,0.8707791048076324,0.528333397993228,1.8992236993584406,0.7756045764258523,0.7756045764258523,0.8707791048076324,0.528333397993228,0.01619321399994078
LODES Home x Work,Two-walk,6.0,1.899261192299381,0.7766497037935722,0.7766497037935722,0.86633426825191,0.529848729183956,1.899261192299381,0.7766497037935722,0.7766497037935722,0.86633426825191,0.529848729183956,0.016497384999638598
LODES Home x Work,Two-walk,8.0,1.8918226660774715,0.7742162936853146,0.7742162936853146,0.8706706071529914,0.50855752640624,1.8918226660774715,0.7742162936853146,0.7742162936853146,0.8706706071529914,0.50855752640624,0.016097454999908223
LODES Home x Work,Two-walk,12.0,1.8808719150568323,0.7733406558374348,0.7733406558374348,0.8698466441771127,0.5095024584131554,1.8808719150568323,0.7733406558374348,0.7733406558374348,0.8698466441771127,0.5095024584131554,0.01624188499954471
20 Newsgroups,One-walk,,0.42635524902929167,0.9436991971276119,0.9411060689173689,0.9454913229940657,0.5334127719438224,0.42635524902929167,0.9436991971276119,0.9411060689173689,0.9454913229940657,0.5334127719438224,0.008915407999666058
20 Newsgroups,Two-walk,1.0,0.8638468007833278,0.7887099187154042,0.7848202264000399,0.8710469339583438,0.3776807250260494,0.8638468007833278,0.7887099187154042,0.7848202264000399,0.8710469339583438,0.3776807250260494,0.008947008000177448
20 Newsgroups,Two-walk,2.0,0.6304375359731111,0.9473395501919912,0.9462424574876577,0.9108373227613491,0.38817397055697134,0.6304375359731111,0.9473395501919912,0.9462424574876577,0.9108373227613491,0.38817397055697134,0.00892400400061888
20 Newsgroups,Two-walk,4.0,0.4290515477028341,0.9443474791801726,0.9424525008726874,0.9452804235442744,0.5327618652675672,0.4290515477028341,0.9443474791801726,0.9424525008726874,0.9452804235442744,0.5327618652675672,0.008883137999873725
20 Newsgroups,Two-walk,6.0,0.42692752252469784,0.945644043285294,0.9437490649778089,0.9455827473860935,0.5319718535354994,0.42692752252469784,0.945644043285294,0.9437490649778089,0.9455827473860935,0.5319718535354994,0.008895080000002054
20 Newsgroups,Two-walk,8.0,0.5793619123355982,0.9430010472248541,0.9380142622051564,0.9191205804617762,0.5080116638276986,0.5793619123355982,0.9430010472248541,0.9380142622051564,0.9191205804617762,0.5080116638276986,0.008938169999964884
20 Newsgroups,Two-walk,12.0,0.5708067304896226,0.9444970827307635,0.9414052760185508,0.919837430808358,0.510197975365282,0.5708067304896226,0.9444970827307635,0.9414052760185508,0.919837430808358,0.510197975365282,0.008913886000300408
MBTA Route x Station,One-walk,,1.245841214059899,0.10101955727221157,0.8738526493299565,0.13892384887778436,0.5646600902005783,1.245841214059899,0.10101955727221157,0.8738526493299565,0.13892384887778436,0.5646600902005783,0.013420451000456524
MBTA Route x Station,Two-walk,1.0,1.2502866704390903,0.1102448611399574,0.8750957094277274,0.1505895494087973,0.5582057710684328,1.2502866704390903,0.1102448611399574,0.8750957094277274,0.1505895494087973,0.5582057710684328,0.01175084899932699
MBTA Route x Station,Two-walk,2.0,1.2463788465714807,0.10101955727221157,0.8750957094277274,0.13892384887778436,0.5646600902005783,1.2463788465714807,0.10101955727221157,0.8750957094277274,0.13892384887778436,0.5646600902005783,0.010410584000055678
MBTA Route x Station,Two-walk,4.0,1.2463788465714807,0.10101955727221157,0.8750957094277274,0.13892384887778436,0.5646600902005783,1.2463788465714807,0.10101955727221157,0.8750957094277274,0.13892384887778436,0.5646600902005783,0.010475785999915388
MBTA Route x Station,Two-walk,6.0,1.245841214059899,0.10101955727221157,0.8738526493299565,0.13892384887778436,0.5646600902005783,1.245841214059899,0.10101955727221157,0.8738526493299565,0.13892384887778436,0.5646600902005783,0.011427280999669165
MBTA Route x Station,Two-walk,8.0,1.245841214059899,0.10101955727221157,0.8738526493299565,0.13892384887778436,0.5646600902005783,1.245841214059899,0.10101955727221157,0.8738526493299565,0.13892384887778436,0.5646600902005783,0.01035308599966811
MBTA Route x Station,Two-walk,12.0,1.245841214059899,0.10101955727221157,0.8738526493299565,0.13892384887778436,0.5646600902005783,1.245841214059899,0.10101955727221157,0.8738526493299565,0.13892384887778436,0.5646600902005783,0.010361230999478721
OpenAlex Author x Topic,One-walk,,0.7443846872606132,0.9713555675094137,0.8100793437331899,0.9839631522323832,0.5585929758500608,0.4295652496166432,1.0,0.8981979558902636,1.0,0.5032806262563349,0.00785949700002675
OpenAlex Author x Topic,Two-walk,1.0,1.0623262888306089,0.9955621301775148,0.6610745024206562,0.9956545857988165,0.4415273491690495,0.437467576603577,1.0,0.8742603550295858,1.0,0.5154812292970188,0.007874154000091949
OpenAlex Author x Topic,Two-walk,2.0,1.0794223439162525,0.9955621301775148,0.6626546530392684,0.9955621301775147,0.4333364004416637,0.43703309516783606,1.0,0.8742603550295858,1.0,0.5158368958976246,0.007833018000383163
OpenAlex Author x Topic,Two-walk,4.0,0.9873527060430213,0.9955621301775148,0.6861888111888111,0.9956545857988165,0.43732128195690956,0.4070101579224889,1.0,0.8981979558902636,1.0,0.5091305455677926,0.007876849000240327
OpenAlex Author x Topic,Two-walk,6.0,1.0127282313262087,0.9955621301775148,0.6965102205486821,0.9955621301775147,0.44723570963449505,0.4112389357961081,1.0,0.8950712748789672,1.0,0.5066302624501006,0.007832285999938904
OpenAlex Author x Topic,Two-walk,8.0,0.7496484112280697,0.9955621301775148,0.8182154384077461,0.9955621301775147,0.5542134990515557,0.4422210711809507,1.0,0.8742603550295858,1.0,0.5137878316015968,0.007838075999643479
OpenAlex Author x Topic,Two-walk,12.0,1.945027292616719,0.9855433028509951,0.6612762237762237,0.9882567352519275,0.4381847909175845,0.4332648956051982,1.0,0.8950712748789672,1.0,0.4945110557458735,0.007857923999836203
