dataset,rank,n_rows,n_cols,mass,mass_fraction
SIC -> NAICS,1,516,644,1527.0,0.7059639389736477
SIC -> NAICS,2,8,8,26.0,0.012020342117429497
SIC -> NAICS,3,10,10,20.0,0.009246417013407305
SIC -> NAICS,4,3,9,13.0,0.006010171058714748
SIC -> NAICS,5,4,6,13.0,0.006010171058714748
SIC -> NAICS,6,6,6,11.0,0.005085529357374018
SIC -> NAICS,7,5,4,11.0,0.005085529357374018
SIC -> NAICS,8,4,5,9.0,0.004160887656033287
SIC -> NAICS,9,4,6,9.0,0.004160887656033287
SIC -> NAICS,10,1,8,8.0,0.0036985668053629217
SIC -> NAICS,11,3,4,7.0,0.003236245954692557
SIC -> NAICS,12,3,5,7.0,0.003236245954692557
SIC -> NAICS,13,3,5,7.0,0.003236245954692557
SIC -> NAICS,14,3,4,6.0,0.0027739251040221915
SIC -> NAICS,15,2,4,6.0,0.0027739251040221915
SIC -> NAICS,16,3,3,5.0,0.002311604253351826
SIC -> NAICS,17,1,5,5.0,0.002311604253351826
SIC -> NAICS,18,3,3,5.0,0.002311604253351826
SIC -> NAICS,19,2,4,5.0,0.002311604253351826
SIC -> NAICS,20,3,3,5.0,0.002311604253351826
SIC -> NAICS,21,2,3,4.0,0.0018492834026814608
SIC -> NAICS,22,2,3,4.0,0.0018492834026814608
SIC -> NAICS,23,3,2,4.0,0.0018492834026814608
SIC -> NAICS,24,3,2,4.0,0.0018492834026814608
SIC -> NAICS,25,2,2,4.0,0.0018492834026814608
SIC -> NAICS,26,2,2,3.0,0.0013869625520110957
SIC -> NAICS,27,2,2,3.0,0.0013869625520110957
SIC -> NAICS,28,2,2,3.0,0.0013869625520110957
SIC -> NAICS,29,2,2,3.0,0.0013869625520110957
SIC -> NAICS,30,2,2,3.0,0.0013869625520110957
SIC -> NAICS,31,2,2,3.0,0.0013869625520110957
SIC -> NAICS,32,2,2,3.0,0.0013869625520110957
SIC -> NAICS,33,2,2,3.0,0.0013869625520110957
SIC -> NAICS,34,1,3,3.0,0.0013869625520110957
SIC -> NAICS,35,3,1,3.0,0.0013869625520110957
SIC -> NAICS,36,1,3,3.0,0.0013869625520110957
SIC -> NAICS,37,1,2,2.0,0.0009246417013407304
SIC -> NAICS,38,1,2,2.0,0.0009246417013407304
SIC -> NAICS,39,1,2,2.0,0.0009246417013407304
SIC -> NAICS,40,1,2,2.0,0.0009246417013407304
SIC -> NAICS,41,1,2,2.0,0.0009246417013407304
SIC -> NAICS,42,2,1,2.0,0.0009246417013407304
SIC -> NAICS,43,2,1,2.0,0.0009246417013407304
SIC -> NAICS,44,1,2,2.0,0.0009246417013407304
SIC -> NAICS,45,1,2,2.0,0.0009246417013407304
SIC -> NAICS,46,1,2,2.0,0.0009246417013407304
SIC -> NAICS,47,2,1,2.0,0.0009246417013407304
SIC -> NAICS,48,1,2,2.0,0.0009246417013407304
SIC -> NAICS,49,2,1,2.0,0.0009246417013407304
SIC -> NAICS,50,1,2,2.0,0.0009246417013407304
SIC -> NAICS,51,1,2,2.0,0.0009246417013407304
SIC -> NAICS,52,1,2,2.0,0.0009246417013407304
SIC -> NAICS,53,2,1,2.0,0.0009246417013407304
SIC -> NAICS,54,2,1,2.0,0.0009246417013407304
SIC -> NAICS,55,1,2,2.0,0.0009246417013407304
SIC -> NAICS,56,1,2,2.0,0.0009246417013407304
SIC -> NAICS,57,1,2,2.0,0.0009246417013407304
SIC -> NAICS,58,2,1,2.0,0.0009246417013407304
SIC -> NAICS,59,1,2,2.0,0.0009246417013407304
SIC -> NAICS,60,2,1,2.0,0.0009246417013407304
SIC -> NAICS,61,2,1,2.0,0.0009246417013407304
SIC -> NAICS,62,1,2,2.0,0.0009246417013407304
SIC -> NAICS,63,1,2,2.0,0.0009246417013407304
SIC -> NAICS,64,1,2,2.0,0.0009246417013407304
SIC -> NAICS,65,2,1,2.0,0.0009246417013407304
SIC -> NAICS,66,1,2,2.0,0.0009246417013407304
SIC -> NAICS,67,1,2,2.0,0.0009246417013407304
SIC -> NAICS,68,1,1,1.0,0.0004623208506703652
SIC -> NAICS,69,1,1,1.0,0.0004623208506703652
SIC -> NAICS,70,1,1,1.0,0.0004623208506703652
SIC -> NAICS,71,1,1,1.0,0.0004623208506703652
SIC -> NAICS,72,1,1,1.0,0.0004623208506703652
SIC -> NAICS,73,1,1,1.0,0.0004623208506703652
SIC -> NAICS,74,1,1,1.0,0.0004623208506703652
SIC -> NAICS,75,1,1,1.0,0.0004623208506703652
SIC -> NAICS,76,1,1,1.0,0.0004623208506703652
SIC -> NAICS,77,1,1,1.0,0.0004623208506703652
SIC -> NAICS,78,1,1,1.0,0.0004623208506703652
SIC -> NAICS,79,1,1,1.0,0.0004623208506703652
SIC -> NAICS,80,1,1,1.0,0.0004623208506703652
SIC -> NAICS,81,1,1,1.0,0.0004623208506703652
SIC -> NAICS,82,1,1,1.0,0.0004623208506703652
SIC -> NAICS,83,1,1,1.0,0.0004623208506703652
SIC -> NAICS,84,1,1,1.0,0.0004623208506703652
SIC -> NAICS,85,1,1,1.0,0.0004623208506703652
SIC -> NAICS,86,1,1,1.0,0.0004623208506703652
SIC -> NAICS,87,1,1,1.0,0.0004623208506703652
SIC -> NAICS,88,1,1,1.0,0.0004623208506703652
SIC -> NAICS,89,1,1,1.0,0.0004623208506703652
SIC -> NAICS,90,1,1,1.0,0.0004623208506703652
SIC -> NAICS,91,1,1,1.0,0.0004623208506703652
SIC -> NAICS,92,1,1,1.0,0.0004623208506703652
SIC -> NAICS,93,1,1,1.0,0.0004623208506703652
SIC -> NAICS,94,1,1,1.0,0.0004623208506703652
SIC -> NAICS,95,1,1,1.0,0.0004623208506703652
SIC -> NAICS,96,1,1,1.0,0.0004623208506703652
SIC -> NAICS,97,1,1,1.0,0.0004623208506703652
SIC -> NAICS,98,1,1,1.0,0.0004623208506703652
SIC -> NAICS,99,1,1,1.0,0.0004623208506703652
SIC -> NAICS,100,1,1,1.0,0.0004623208506703652
SIC -> NAICS,101,1,1,1.0,0.0004623208506703652
SIC -> NAICS,102,1,1,1.0,0.0004623208506703652
SIC -> NAICS,103,1,1,1.0,0.0004623208506703652
SIC -> NAICS,104,1,1,1.0,0.0004623208506703652
SIC -> NAICS,105,1,1,1.0,0.0004623208506703652
SIC -> NAICS,106,1,1,1.0,0.0004623208506703652
SIC -> NAICS,107,1,1,1.0,0.0004623208506703652
SIC -> NAICS,108,1,1,1.0,0.0004623208506703652
SIC -> NAICS,109,1,1,1.0,0.0004623208506703652
SIC -> NAICS,110,1,1,1.0,0.0004623208506703652
SIC -> NAICS,111,1,1,1.0,0.0004623208506703652
SIC -> NAICS,112,1,1,1.0,0.0004623208506703652
SIC -> NAICS,113,1,1,1.0,0.0004623208506703652
SIC -> NAICS,114,1,1,1.0,0.0004623208506703652
SIC -> NAICS,115,1,1,1.0,0.0004623208506703652
SIC -> NAICS,116,1,1,1.0,0.0004623208506703652
SIC -> NAICS,117,1,1,1.0,0.0004623208506703652
SIC -> NAICS,118,1,1,1.0,0.0004623208506703652
SIC -> NAICS,119,1,1,1.0,0.0004623208506703652
SIC -> NAICS,120,1,1,1.0,0.0004623208506703652
SIC -> NAICS,121,1,1,1.0,0.0004623208506703652
SIC -> NAICS,122,1,1,1.0,0.0004623208506703652
SIC -> NAICS,123,1,1,1.0,0.0004623208506703652
SIC -> NAICS,124,1,1,1.0,0.0004623208506703652
SIC -> NAICS,125,1,1,1.0,0.0004623208506703652
SIC -> NAICS,126,1,1,1.0,0.0004623208506703652
SIC -> NAICS,127,1,1,1.0,0.0004623208506703652
SIC -> NAICS,128,1,1,1.0,0.0004623208506703652
SIC -> NAICS,129,1,1,1.0,0.0004623208506703652
SIC -> NAICS,130,1,1,1.0,0.0004623208506703652
SIC -> NAICS,131,1,1,1.0,0.0004623208506703652
SIC -> NAICS,132,1,1,1.0,0.0004623208506703652
SIC -> NAICS,133,1,1,1.0,0.0004623208506703652
SIC -> NAICS,134,1,1,1.0,0.0004623208506703652
SIC -> NAICS,135,1,1,1.0,0.0004623208506703652
SIC -> NAICS,136,1,1,1.0,0.0004623208506703652
SIC -> NAICS,137,1,1,1.0,0.0004623208506703652
SIC -> NAICS,138,1,1,1.0,0.0004623208506703652
SIC -> NAICS,139,1,1,1.0,0.0004623208506703652
SIC -> NAICS,140,1,1,1.0,0.0004623208506703652
SIC -> NAICS,141,1,1,1.0,0.0004623208506703652
SIC -> NAICS,142,1,1,1.0,0.0004623208506703652
SIC -> NAICS,143,1,1,1.0,0.0004623208506703652
SIC -> NAICS,144,1,1,1.0,0.0004623208506703652
SIC -> NAICS,145,1,1,1.0,0.0004623208506703652
SIC -> NAICS,146,1,1,1.0,0.0004623208506703652
SIC -> NAICS,147,1,1,1.0,0.0004623208506703652
SIC -> NAICS,148,1,1,1.0,0.0004623208506703652
SIC -> NAICS,149,1,1,1.0,0.0004623208506703652
SIC -> NAICS,150,1,1,1.0,0.0004623208506703652
SIC -> NAICS,151,1,1,1.0,0.0004623208506703652
SIC -> NAICS,152,1,1,1.0,0.0004623208506703652
SIC -> NAICS,153,1,1,1.0,0.0004623208506703652
SIC -> NAICS,154,1,1,1.0,0.0004623208506703652
SIC -> NAICS,155,1,1,1.0,0.0004623208506703652
SIC -> NAICS,156,1,1,1.0,0.0004623208506703652
SIC -> NAICS,157,1,1,1.0,0.0004623208506703652
SIC -> NAICS,158,1,1,1.0,0.0004623208506703652
SIC -> NAICS,159,1,1,1.0,0.0004623208506703652
SIC -> NAICS,160,1,1,1.0,0.0004623208506703652
SIC -> NAICS,161,1,1,1.0,0.0004623208506703652
SIC -> NAICS,162,1,1,1.0,0.0004623208506703652
SIC -> NAICS,163,1,1,1.0,0.0004623208506703652
SIC -> NAICS,164,1,1,1.0,0.0004623208506703652
SIC -> NAICS,165,1,1,1.0,0.0004623208506703652
SIC -> NAICS,166,1,1,1.0,0.0004623208506703652
SIC -> NAICS,167,1,1,1.0,0.0004623208506703652
SIC -> NAICS,168,1,1,1.0,0.0004623208506703652
SIC -> NAICS,169,1,1,1.0,0.0004623208506703652
SIC -> NAICS,170,1,1,1.0,0.0004623208506703652
SIC -> NAICS,171,1,1,1.0,0.0004623208506703652
SIC -> NAICS,172,1,1,1.0,0.0004623208506703652
SIC -> NAICS,173,1,1,1.0,0.0004623208506703652
SIC -> NAICS,174,1,1,1.0,0.0004623208506703652
SIC -> NAICS,175,1,1,1.0,0.0004623208506703652
SIC -> NAICS,176,1,1,1.0,0.0004623208506703652
SIC -> NAICS,177,1,1,1.0,0.0004623208506703652
SIC -> NAICS,178,1,1,1.0,0.0004623208506703652
SIC -> NAICS,179,1,1,1.0,0.0004623208506703652
SIC -> NAICS,180,1,1,1.0,0.0004623208506703652
SIC -> NAICS,181,1,1,1.0,0.0004623208506703652
SIC -> NAICS,182,1,1,1.0,0.0004623208506703652
SIC -> NAICS,183,1,1,1.0,0.0004623208506703652
SIC -> NAICS,184,1,1,1.0,0.0004623208506703652
SIC -> NAICS,185,1,1,1.0,0.0004623208506703652
SIC -> NAICS,186,1,1,1.0,0.0004623208506703652
SIC -> NAICS,187,1,1,1.0,0.0004623208506703652
SIC -> NAICS,188,1,1,1.0,0.0004623208506703652
SIC -> NAICS,189,1,1,1.0,0.0004623208506703652
SIC -> NAICS,190,1,1,1.0,0.0004623208506703652
SIC -> NAICS,191,1,1,1.0,0.0004623208506703652
SIC -> NAICS,192,1,1,1.0,0.0004623208506703652
SIC -> NAICS,193,1,1,1.0,0.0004623208506703652
SIC -> NAICS,194,1,1,1.0,0.0004623208506703652
SIC -> NAICS,195,1,1,1.0,0.0004623208506703652
SIC -> NAICS,196,1,1,1.0,0.0004623208506703652
SIC -> NAICS,197,1,1,1.0,0.0004623208506703652
SIC -> NAICS,198,1,1,1.0,0.0004623208506703652
SIC -> NAICS,199,1,1,1.0,0.0004623208506703652
SIC -> NAICS,200,1,1,1.0,0.0004623208506703652
SIC -> NAICS,201,1,1,1.0,0.0004623208506703652
SIC -> NAICS,202,1,1,1.0,0.0004623208506703652
SIC -> NAICS,203,1,1,1.0,0.0004623208506703652
SIC -> NAICS,204,1,1,1.0,0.0004623208506703652
SIC -> NAICS,205,1,1,1.0,0.0004623208506703652
SIC -> NAICS,206,1,1,1.0,0.0004623208506703652
SIC -> NAICS,207,1,1,1.0,0.0004623208506703652
SIC -> NAICS,208,1,1,1.0,0.0004623208506703652
SIC -> NAICS,209,1,1,1.0,0.0004623208506703652
SIC -> NAICS,210,1,1,1.0,0.0004623208506703652
SIC -> NAICS,211,1,1,1.0,0.0004623208506703652
SIC -> NAICS,212,1,1,1.0,0.0004623208506703652
SIC -> NAICS,213,1,1,1.0,0.0004623208506703652
SIC -> NAICS,214,1,1,1.0,0.0004623208506703652
SIC -> NAICS,215,1,1,1.0,0.0004623208506703652
SIC -> NAICS,216,1,1,1.0,0.0004623208506703652
SIC -> NAICS,217,1,1,1.0,0.0004623208506703652
SIC -> NAICS,218,1,1,1.0,0.0004623208506703652
SIC -> NAICS,219,1,1,1.0,0.0004623208506703652
SIC -> NAICS,220,1,1,1.0,0.0004623208506703652
SIC -> NAICS,221,1,1,1.0,0.0004623208506703652
SIC -> NAICS,222,1,1,1.0,0.0004623208506703652
SIC -> NAICS,223,1,1,1.0,0.0004623208506703652
SIC -> NAICS,224,1,1,1.0,0.0004623208506703652
SIC -> NAICS,225,1,1,1.0,0.0004623208506703652
SIC -> NAICS,226,1,1,1.0,0.0004623208506703652
SIC -> NAICS,227,1,1,1.0,0.0004623208506703652
SIC -> NAICS,228,1,1,1.0,0.0004623208506703652
SIC -> NAICS,229,1,1,1.0,0.0004623208506703652
SIC -> NAICS,230,1,1,1.0,0.0004623208506703652
SIC -> NAICS,231,1,1,1.0,0.0004623208506703652
SIC -> NAICS,232,1,1,1.0,0.0004623208506703652
SIC -> NAICS,233,1,1,1.0,0.0004623208506703652
SIC -> NAICS,234,1,1,1.0,0.0004623208506703652
SIC -> NAICS,235,1,1,1.0,0.0004623208506703652
SIC -> NAICS,236,1,1,1.0,0.0004623208506703652
SIC -> NAICS,237,1,1,1.0,0.0004623208506703652
SIC -> NAICS,238,1,1,1.0,0.0004623208506703652
SIC -> NAICS,239,1,1,1.0,0.0004623208506703652
SIC -> NAICS,240,1,1,1.0,0.0004623208506703652
SIC -> NAICS,241,1,1,1.0,0.0004623208506703652
SIC -> NAICS,242,1,1,1.0,0.0004623208506703652
SIC -> NAICS,243,1,1,1.0,0.0004623208506703652
SIC -> NAICS,244,1,1,1.0,0.0004623208506703652
SIC -> NAICS,245,1,1,1.0,0.0004623208506703652
SIC -> NAICS,246,1,1,1.0,0.0004623208506703652
SIC -> NAICS,247,1,1,1.0,0.0004623208506703652
SIC -> NAICS,248,1,1,1.0,0.0004623208506703652
SIC -> NAICS,249,1,1,1.0,0.0004623208506703652
SIC -> NAICS,250,1,1,1.0,0.0004623208506703652
SIC -> NAICS,251,1,1,1.0,0.0004623208506703652
SIC -> NAICS,252,1,1,1.0,0.0004623208506703652
SIC -> NAICS,253,1,1,1.0,0.0004623208506703652
SIC -> NAICS,254,1,1,1.0,0.0004623208506703652
SIC -> NAICS,255,1,1,1.0,0.0004623208506703652
SIC -> NAICS,256,1,1,1.0,0.0004623208506703652
SIC -> NAICS,257,1,1,1.0,0.0004623208506703652
SIC -> NAICS,258,1,1,1.0,0.0004623208506703652
SIC -> NAICS,259,1,1,1.0,0.0004623208506703652
SIC -> NAICS,260,1,1,1.0,0.0004623208506703652
SIC -> NAICS,261,1,1,1.0,0.0004623208506703652
SIC -> NAICS,262,1,1,1.0,0.0004623208506703652
SIC -> NAICS,263,1,1,1.0,0.0004623208506703652
SIC -> NAICS,264,1,1,1.0,0.0004623208506703652
SIC -> NAICS,265,1,1,1.0,0.0004623208506703652
SIC -> NAICS,266,1,1,1.0,0.0004623208506703652
SIC -> NAICS,267,1,1,1.0,0.0004623208506703652
SIC -> NAICS,268,1,1,1.0,0.0004623208506703652
SIC -> NAICS,269,1,1,1.0,0.0004623208506703652
SIC -> NAICS,270,1,1,1.0,0.0004623208506703652
SIC -> NAICS,271,1,1,1.0,0.0004623208506703652
SIC -> NAICS,272,1,1,1.0,0.0004623208506703652
SIC -> NAICS,273,1,1,1.0,0.0004623208506703652
SIC -> NAICS,274,1,1,1.0,0.0004623208506703652
SIC -> NAICS,275,1,1,1.0,0.0004623208506703652
SIC -> NAICS,276,1,1,1.0,0.0004623208506703652
SIC -> NAICS,277,1,1,1.0,0.0004623208506703652
SIC -> NAICS,278,1,1,1.0,0.0004623208506703652
SIC -> NAICS,279,1,1,1.0,0.0004623208506703652
SIC -> NAICS,280,1,1,1.0,0.0004623208506703652
SIC -> NAICS,281,1,1,1.0,0.0004623208506703652
SIC -> NAICS,282,1,1,1.0,0.0004623208506703652
SIC -> NAICS,283,1,1,1.0,0.0004623208506703652
SIC -> NAICS,284,1,1,1.0,0.0004623208506703652
SIC -> NAICS,285,1,1,1.0,0.0004623208506703652
SIC -> NAICS,286,1,1,1.0,0.0004623208506703652
SIC -> NAICS,287,1,1,1.0,0.0004623208506703652
SIC -> NAICS,288,1,1,1.0,0.0004623208506703652
SIC -> NAICS,289,1,1,1.0,0.0004623208506703652
SIC -> NAICS,290,1,1,1.0,0.0004623208506703652
SIC -> NAICS,291,1,1,1.0,0.0004623208506703652
SIC -> NAICS,292,1,1,1.0,0.0004623208506703652
SIC -> NAICS,293,1,1,1.0,0.0004623208506703652
SIC -> NAICS,294,1,1,1.0,0.0004623208506703652
SIC -> NAICS,295,1,1,1.0,0.0004623208506703652
SIC -> NAICS,296,1,1,1.0,0.0004623208506703652
SIC -> NAICS,297,1,1,1.0,0.0004623208506703652
SIC -> NAICS,298,1,1,1.0,0.0004623208506703652
SIC -> NAICS,299,1,1,1.0,0.0004623208506703652
SIC -> NAICS,300,1,1,1.0,0.0004623208506703652
SIC -> NAICS,301,1,1,1.0,0.0004623208506703652
SIC -> NAICS,302,1,1,1.0,0.0004623208506703652
SIC -> NAICS,303,1,1,1.0,0.0004623208506703652
SIC -> NAICS,304,1,1,1.0,0.0004623208506703652
SIC -> NAICS,305,1,1,1.0,0.0004623208506703652
SIC -> NAICS,306,1,1,1.0,0.0004623208506703652
SIC -> NAICS,307,1,1,1.0,0.0004623208506703652
SIC -> NAICS,308,1,1,1.0,0.0004623208506703652
SIC -> NAICS,309,1,1,1.0,0.0004623208506703652
SIC -> NAICS,310,1,1,1.0,0.0004623208506703652
SIC -> NAICS,311,1,1,1.0,0.0004623208506703652
SIC -> NAICS,312,1,1,1.0,0.0004623208506703652
SIC -> NAICS,313,1,1,1.0,0.0004623208506703652
SIC -> NAICS,314,1,1,1.0,0.0004623208506703652
SIC -> NAICS,315,1,1,1.0,0.0004623208506703652
SIC -> NAICS,316,1,1,1.0,0.0004623208506703652
SIC -> NAICS,317,1,1,1.0,0.0004623208506703652
SIC -> NAICS,318,1,1,1.0,0.0004623208506703652
SIC -> NAICS,319,1,1,1.0,0.0004623208506703652
SIC -> NAICS,320,1,1,1.0,0.0004623208506703652
SIC -> NAICS,321,1,1,1.0,0.0004623208506703652
SIC -> NAICS,322,1,1,1.0,0.0004623208506703652
SIC -> NAICS,323,1,1,1.0,0.0004623208506703652
SIC -> NAICS,324,1,1,1.0,0.0004623208506703652
SIC -> NAICS,325,1,1,1.0,0.0004623208506703652
SIC -> NAICS,326,1,1,1.0,0.0004623208506703652
SIC -> NAICS,327,1,1,1.0,0.0004623208506703652
SIC -> NAICS,328,1,1,1.0,0.0004623208506703652
SIC -> NAICS,329,1,1,1.0,0.0004623208506703652
SIC -> NAICS,330,1,1,1.0,0.0004623208506703652
SIC -> NAICS,331,1,1,1.0,0.0004623208506703652
SIC -> NAICS,332,1,1,1.0,0.0004623208506703652
SIC -> NAICS,333,1,1,1.0,0.0004623208506703652
SIC -> NAICS,334,1,1,1.0,0.0004623208506703652
SIC -> NAICS,335,1,1,1.0,0.0004623208506703652
SIC -> NAICS,336,1,1,1.0,0.0004623208506703652
SIC -> NAICS,337,1,1,1.0,0.0004623208506703652
SIC -> NAICS,338,1,1,1.0,0.0004623208506703652
SIC -> NAICS,339,1,1,1.0,0.0004623208506703652
SIC -> NAICS,340,1,1,1.0,0.0004623208506703652
SIC -> NAICS,341,1,1,1.0,0.0004623208506703652
SIC -> NAICS,342,1,1,1.0,0.0004623208506703652
SIC -> NAICS,343,1,1,1.0,0.0004623208506703652
SIC -> NAICS,344,1,1,1.0,0.0004623208506703652
SIC -> NAICS,345,1,1,1.0,0.0004623208506703652
SIC -> NAICS,346,1,1,1.0,0.0004623208506703652
SIC -> NAICS,347,1,1,1.0,0.0004623208506703652
SIC -> NAICS,348,1,1,1.0,0.0004623208506703652
SIC -> NAICS,349,1,1,1.0,0.0004623208506703652
SIC -> NAICS,350,1,1,1.0,0.0004623208506703652
SIC -> NAICS,351,1,1,1.0,0.0004623208506703652
SIC -> NAICS,352,1,1,1.0,0.0004623208506703652
SIC -> NAICS,353,1,1,1.0,0.0004623208506703652
SIC -> NAICS,354,1,1,1.0,0.0004623208506703652
SIC -> NAICS,355,1,1,1.0,0.0004623208506703652
SIC -> NAICS,356,1,1,1.0,0.0004623208506703652
SIC -> NAICS,357,1,1,1.0,0.0004623208506703652
SIC -> NAICS,358,1,1,1.0,0.0004623208506703652
SIC -> NAICS,359,1,1,1.0,0.0004623208506703652
SIC -> NAICS,360,1,1,1.0,0.0004623208506703652
SIC -> NAICS,361,1,1,1.0,0.0004623208506703652
SIC -> NAICS,362,1,1,1.0,0.0004623208506703652
SIC -> NAICS,363,1,1,1.0,0.0004623208506703652
SIC -> NAICS,364,1,1,1.0,0.0004623208506703652
SIC -> NAICS,365,1,1,1.0,0.0004623208506703652
SIC -> NAICS,366,1,1,1.0,0.0004623208506703652
SIC -> NAICS,367,1,1,1.0,0.0004623208506703652
SIC -> NAICS,368,1,1,1.0,0.0004623208506703652
SIC -> NAICS,369,1,1,1.0,0.0004623208506703652
SIC -> NAICS,370,1,1,1.0,0.0004623208506703652
SIC -> NAICS,371,1,1,1.0,0.0004623208506703652
SIC -> NAICS,372,1,1,1.0,0.0004623208506703652
SIC -> NAICS,373,1,1,1.0,0.0004623208506703652
SIC -> NAICS,374,1,1,1.0,0.0004623208506703652
SIC -> NAICS,375,1,1,1.0,0.0004623208506703652
SIC -> NAICS,376,1,1,1.0,0.0004623208506703652
SIC -> NAICS,377,1,1,1.0,0.0004623208506703652
SIC -> NAICS,378,1,1,1.0,0.0004623208506703652
SIC -> NAICS,379,1,1,1.0,0.0004623208506703652
SIC -> NAICS,380,1,1,1.0,0.0004623208506703652
SIC -> NAICS,381,1,1,1.0,0.0004623208506703652
SIC -> NAICS,382,1,1,1.0,0.0004623208506703652
SIC -> NAICS,383,1,1,1.0,0.0004623208506703652
SIC -> NAICS,384,1,1,1.0,0.0004623208506703652
SIC -> NAICS,385,1,1,1.0,0.0004623208506703652
SIC -> NAICS,386,1,1,1.0,0.0004623208506703652
SIC -> NAICS,387,1,1,1.0,0.0004623208506703652
SIC -> NAICS,388,1,1,1.0,0.0004623208506703652
SIC -> NAICS,389,1,1,1.0,0.0004623208506703652
SIC -> NAICS,390,1,1,1.0,0.0004623208506703652
SIC -> NAICS,391,1,1,1.0,0.0004623208506703652
SIC -> NAICS,392,1,1,1.0,0.0004623208506703652
SIC -> NAICS,393,1,1,1.0,0.0004623208506703652
SIC -> NAICS,394,1,1,1.0,0.0004623208506703652
SIC -> NAICS,395,1,1,1.0,0.0004623208506703652
SIC -> NAICS,396,1,1,1.0,0.0004623208506703652
SIC -> NAICS,397,1,1,1.0,0.0004623208506703652
SIC -> NAICS,398,1,1,1.0,0.0004623208506703652
SIC -> NAICS,399,1,1,1.0,0.0004623208506703652
SIC -> NAICS,400,1,1,1.0,0.0004623208506703652
SIC -> NAICS,401,1,1,1.0,0.0004623208506703652
SIC -> NAICS,402,1,1,1.0,0.0004623208506703652
SIC -> NAICS,403,1,1,1.0,0.0004623208506703652
SIC -> NAICS,404,1,1,1.0,0.0004623208506703652
SIC -> NAICS,405,1,1,1.0,0.0004623208506703652
SIC -> NAICS,406,1,1,1.0,0.0004623208506703652
SIC -> NAICS,407,1,1,1.0,0.0004623208506703652
SIC -> NAICS,408,1,1,1.0,0.0004623208506703652
SIC -> NAICS,409,1,1,1.0,0.0004623208506703652
SIC -> NAICS,410,1,1,1.0,0.0004623208506703652
CIP -> SOC,1,1872,591,5578.0,0.9148761686075119
CIP -> SOC,2,194,1,194.0,0.0318189273413154
CIP -> SOC,3,1,180,180.0,0.029522716089880267
CIP -> SOC,4,6,20,31.0,0.005084467771034935
CIP -> SOC,5,7,2,14.0,0.002296211251435132
CIP -> SOC,6,5,7,13.0,0.0021321961620469083
CIP -> SOC,7,8,3,10.0,0.0016401508938822373
CIP -> SOC,8,1,8,8.0,0.0013121207151057896
CIP -> SOC,9,5,4,8.0,0.0013121207151057896
CIP -> SOC,10,3,2,5.0,0.0008200754469411186
CIP -> SOC,11,1,5,5.0,0.0008200754469411186
CIP -> SOC,12,3,3,5.0,0.0008200754469411186
CIP -> SOC,13,2,2,4.0,0.0006560603575528948
CIP -> SOC,14,3,1,3.0,0.0004920452681646711
CIP -> SOC,15,1,2,2.0,0.0003280301787764474
CIP -> SOC,16,1,2,2.0,0.0003280301787764474
CIP -> SOC,17,1,2,2.0,0.0003280301787764474
CIP -> SOC,18,1,2,2.0,0.0003280301787764474
CIP -> SOC,19,1,2,2.0,0.0003280301787764474
CIP -> SOC,20,1,2,2.0,0.0003280301787764474
CIP -> SOC,21,1,2,2.0,0.0003280301787764474
CIP -> SOC,22,1,1,1.0,0.0001640150893882237
CIP -> SOC,23,1,1,1.0,0.0001640150893882237
CIP -> SOC,24,1,1,1.0,0.0001640150893882237
CIP -> SOC,25,1,1,1.0,0.0001640150893882237
CIP -> SOC,26,1,1,1.0,0.0001640150893882237
CIP -> SOC,27,1,1,1.0,0.0001640150893882237
CIP -> SOC,28,1,1,1.0,0.0001640150893882237
CIP -> SOC,29,1,1,1.0,0.0001640150893882237
CIP -> SOC,30,1,1,1.0,0.0001640150893882237
CIP -> SOC,31,1,1,1.0,0.0001640150893882237
CIP -> SOC,32,1,1,1.0,0.0001640150893882237
CIP -> SOC,33,1,1,1.0,0.0001640150893882237
CIP -> SOC,34,1,1,1.0,0.0001640150893882237
CIP -> SOC,35,1,1,1.0,0.0001640150893882237
CIP -> SOC,36,1,1,1.0,0.0001640150893882237
CIP -> SOC,37,1,1,1.0,0.0001640150893882237
CIP -> SOC,38,1,1,1.0,0.0001640150893882237
CIP -> SOC,39,1,1,1.0,0.0001640150893882237
CIP -> SOC,40,1,1,1.0,0.0001640150893882237
CIP -> SOC,41,1,1,1.0,0.0001640150893882237
CIP -> SOC,42,1,1,1.0,0.0001640150893882237
CIP -> SOC,43,1,1,1.0,0.0001640150893882237
CIP -> SOC,44,1,1,1.0,0.0001640150893882237
CIP -> SOC,45,1,1,1.0,0.0001640150893882237
CIP -> SOC,46,1,1,1.0,0.0001640150893882237
ACS OCCP x INDP,1,24,10,8.731312395248853,1.0
LODES Home x Work,1,95,95,8.483894874527948,1.0
20 Newsgroups,1,59,48,3.3421666666666665,1.0
MBTA Route x Station,1,8,125,100.2458048477315,1.0
OpenAlex Author x Topic,1,27,4,9.182385035074045,0.3960798816568047
OpenAlex Author x Topic,2,15,1,6.631332813717849,0.28604088219472834
OpenAlex Author x Topic,3,8,1,4.405300077942323,0.19002151694459388
OpenAlex Author x Topic,4,9,1,2.729540140296181,0.11773803119956966
OpenAlex Author x Topic,5,1,1,0.23460639127045985,0.010119688004303387
