suite,instance,mode,alpha,m,n,nnz,n_components,max_component_vertices,n_positions_differ,frac_positions_differ,disagreement_within_ties,max_sorted_coord_dev,rel_lambda_diff,r2s_dense,r2s_mf,d_r2s,band_dense,band_mf,d_band,mwb_dense,mwb_mf,d_mwb,d_r2s_intrinsic,d_band_intrinsic,d_mwb_intrinsic,ok
real,OpenAlex Author x Topic,ow,,60,8,69,5,31,7,0.10294117647058823,True,4.996003610813204e-16,7.397496031911737e-14,0.4391809429005069,0.43523432270745016,0.003946620193056749,0.8470615922539,0.8470615922539,0.0,0.5599696356275303,0.5578710257353982,0.002098609892132175,0.040376281177996076,0.0,0.03295312986608523,False
real,OpenAlex Author x Topic,tw,1,60,8,69,5,31,5,0.07352941176470588,True,3.0531133177191805e-15,8.097281720140779e-16,0.4529861110600825,0.4463714795863258,0.006614631473756738,0.8470615922539,0.8470615922539,0.0,0.5409476656946293,0.5480344554231195,0.007086789728490195,0.026571113018420467,0.0,0.013931159933184167,False
real,OpenAlex Author x Topic,tw,2,60,8,69,5,31,5,0.07352941176470588,True,1.4155343563970746e-15,8.090730274097878e-15,0.45002255858047596,0.46211463639195355,0.012092077811477586,0.8470615922539,0.8470615922539,0.0,0.5430692788992384,0.5414148098864698,0.0016544690127685557,0.029534665498027024,0.0,0.016052773137793297,True
real,OpenAlex Author x Topic,tw,4,60,8,69,5,31,5,0.07352941176470588,True,2.1094237467877974e-15,3.9552194454637183e-14,0.4534205924958236,0.43523432270745016,0.018186269788373455,0.8470615922539,0.8470615922539,0.0,0.5405919990940236,0.5578710257353982,0.017279026641374595,0.02613663158267937,0.0,0.013575493332578459,False
real,OpenAlex Author x Topic,tw,6,60,8,69,5,31,4,0.058823529411764705,True,2.3314683517128287e-15,1.1397909027155738e-14,0.45045704001621695,0.4534205924958236,0.002963552479606668,0.8470615922539,0.8470615922539,0.0,0.5427136122986326,0.5405919990940236,0.0021216132046090186,0.02910018406228604,0.0,0.015697106537187477,True
real,OpenAlex Author x Topic,tw,8,60,8,69,5,31,7,0.10294117647058823,True,3.0531133177191805e-15,4.105134458852691e-14,0.45521053459359057,0.4551411334623814,6.940113120917912e-05,0.8470615922539,0.8470615922539,0.0,0.5404557487047366,0.5427472325245606,0.002291483819824025,0.02434668948491242,0.0,0.013439242943291463,False
real,OpenAlex Author x Topic,tw,12,60,8,69,5,31,4,0.058823529411764705,True,6.2727600891321345e-15,7.589905827228625e-14,0.4724829998253071,0.47334396018066566,0.0008609603553585421,0.8470615922539,0.8470615922539,0.0,0.5290177939469438,0.5322842643186774,0.003266470371733554,0.007074224253195871,0.0,0.0020012881854987175,False
real,OpenAlex Author x Topic,tw_auto,1,60,8,69,0,0,0,0.0,True,0.0,0.0,,,0.0,,,0.0,1.0,1.0,0.0,0.0,0.0,0.0,True
real,LODES Home x Work,ow,,95,95,7561,1,190,0,0.0,True,6.595966828282229e-12,7.547739431274112e-13,1.8948648800932988,1.8948648800932988,0.0,0.7753445996880279,0.7753445996880279,0.0,0.5462237467547786,0.5462237467547786,0.0,0.0,0.0,0.0,True
real,LODES Home x Work,tw,1,95,95,7561,1,190,0,0.0,True,3.69840824632206e-11,5.480077786791969e-13,2.447491143696275,2.447491143696275,0.0,0.7644290569770169,0.7644290569770169,0.0,0.5248025464495252,0.5248025464495252,0.0,0.0,0.0,0.0,True
real,LODES Home x Work,tw,2,95,95,7561,1,190,0,0.0,True,8.35342905958214e-12,4.0676983386090553e-13,1.9903875430225766,1.9903875430225766,0.0,0.776580446269038,0.776580446269038,0.0,0.5109048820711594,0.5109048820711594,0.0,0.0,0.0,0.0,True
real,LODES Home x Work,tw,4,95,95,7561,1,190,0,0.0,True,1.9710691412377912e-11,7.549308252423211e-13,1.8992236993584406,1.8992236993584406,0.0,0.7756045764258523,0.7756045764258523,0.0,0.528333397993228,0.528333397993228,0.0,0.0,0.0,0.0,True
real,LODES Home x Work,tw,6,95,95,7561,1,190,0,0.0,True,1.358961554398519e-11,1.0185370041320104e-12,1.899261192299381,1.899261192299381,0.0,0.7766497037935722,0.7766497037935722,0.0,0.529848729183956,0.529848729183956,0.0,0.0,0.0,0.0,True
real,LODES Home x Work,tw,8,95,95,7561,1,190,0,0.0,True,8.612457969014997e-12,5.106524559487481e-13,1.8918226660774713,1.8918226660774713,0.0,0.7742162936853146,0.7742162936853146,0.0,0.5115937022801278,0.5115937022801278,0.0,0.0,0.0,0.0,True
real,LODES Home x Work,tw,12,95,95,7561,1,190,0,0.0,True,9.916997778525172e-13,1.300264346346247e-13,1.8808719150568323,1.8808719150568323,0.0,0.7733406558374348,0.7733406558374348,0.0,0.5095024584131554,0.5095024584131554,0.0,0.0,0.0,0.0,True
real,LODES Home x Work,tw_auto,4,95,95,7561,0,0,0,0.0,True,0.0,0.0,,,0.0,,,0.0,0.8707791048076324,0.8707791048076324,0.0,0.0,0.0,0.0,True
real,ACS OCCP x INDP,ow,,24,10,140,1,34,0,0.0,True,1.2587153541687712e-14,1.247038037477258e-14,3.385397888851532,3.385397888851532,0.0,0.4305482065568462,0.4305482065568462,0.0,0.2833571746906605,0.2833571746906605,0.0,0.0,0.0,0.0,True
real,ACS OCCP x INDP,tw,1,24,10,140,1,34,0,0.0,True,4.066191827689636e-15,9.02079314788148e-15,4.187918685893971,4.187918685893971,0.0,0.3940016591581692,0.3940016591581692,0.0,0.18441403367038625,0.18441403367038625,0.0,0.0,0.0,0.0,True
real,ACS OCCP x INDP,tw,2,24,10,140,1,34,0,0.0,True,1.479372180313021e-14,3.71745934115793e-15,4.3531149847217865,4.3531149847217865,0.0,0.3044538548720662,0.3044538548720662,0.0,0.266176287005021,0.266176287005021,0.0,0.0,0.0,0.0,True
real,ACS OCCP x INDP,tw,4,24,10,140,1,34,0,0.0,True,3.338995746560158e-14,4.484155625943241e-15,3.605739515569592,3.605739515569592,0.0,0.339448071186899,0.339448071186899,0.0,0.2512865591760118,0.2512865591760118,0.0,0.0,0.0,0.0,True
real,ACS OCCP x INDP,tw,6,24,10,140,1,34,0,0.0,True,3.6914915568786455e-14,4.013188974166631e-15,3.605739515569592,3.605739515569592,0.0,0.339448071186899,0.339448071186899,0.0,0.2512865591760118,0.2512865591760118,0.0,0.0,0.0,0.0,True
real,ACS OCCP x INDP,tw,8,24,10,140,1,34,0,0.0,True,5.676015213396113e-15,3.463273575111459e-14,3.605739515569592,3.605739515569592,0.0,0.339448071186899,0.339448071186899,0.0,0.2512865591760118,0.2512865591760118,0.0,0.0,0.0,0.0,True
real,ACS OCCP x INDP,tw,12,24,10,140,1,34,0,0.0,True,2.708944180085382e-14,5.285475336066811e-15,3.605739515569592,3.605739515569592,0.0,0.339448071186899,0.339448071186899,0.0,0.2512865591760118,0.2512865591760118,0.0,0.0,0.0,0.0,True
real,ACS OCCP x INDP,tw_auto,4,24,10,140,0,0,0,0.0,True,0.0,0.0,,,0.0,,,0.0,0.9223946431780613,0.9223946431780613,0.0,0.0,0.0,0.0,True
