instance_id,suite,method,solver,repeat_index,phase,wall_s,cpu_s,rss_peak_mb,uss_peak_mb,n_matvec
clean_block/x1e3,scale,One-walk,dense,-1,load,0.005829827998240944,0.005885966999999992,188.694528,0.0,
clean_block/x1e3,scale,One-walk,dense,-1,reorder,0.5130000680001103,0.514280687,250.544128,0.0,
clean_block/x1e3,scale,One-walk,dense,-1,total,0.5130128620003234,0.5142908660000001,0.0,0.0,
clean_block/x1e3,scale,One-walk,dense,0,load,0.005006742998375557,0.005007563000000048,0.0,0.0,
clean_block/x1e3,scale,One-walk,dense,0,reorder,0.4694894380008918,0.47099368499999994,250.589184,0.0,
clean_block/x1e3,scale,One-walk,dense,0,total,0.46950156999810133,0.471003123,0.0,0.0,
clean_block/x1e3,scale,One-walk,matrix_free,-1,load,0.004867349998676218,0.004867992000000099,0.0,0.0,
clean_block/x1e3,scale,One-walk,matrix_free,-1,reorder,0.09985489999962738,0.10092438600000009,189.554688,0.0,
clean_block/x1e3,scale,One-walk,matrix_free,-1,total,0.09986382699935348,0.10093132900000001,0.0,0.0,
clean_block/x1e3,scale,One-walk,matrix_free,0,load,0.004776869998750044,0.004783523999999928,0.0,0.0,
clean_block/x1e3,scale,One-walk,matrix_free,0,reorder,0.10212684700309183,0.10317768999999999,189.505536,0.0,
clean_block/x1e3,scale,One-walk,matrix_free,0,total,0.10213558299801662,0.10318468300000005,0.0,0.0,
clean_block/x1e3,scale,Two-walk,dense,-1,load,0.00499373799902969,0.004994477999999969,0.0,0.0,
clean_block/x1e3,scale,Two-walk,dense,-1,reorder,0.4856937080003263,0.48765451700000007,252.899328,0.0,
clean_block/x1e3,scale,Two-walk,dense,-1,total,0.4857118830004765,0.48766697999999997,0.0,0.0,
clean_block/x1e3,scale,Two-walk,dense,0,load,0.005011601002479438,0.005011659999999973,0.0,0.0,
clean_block/x1e3,scale,Two-walk,dense,0,reorder,0.4835727460013004,0.4856125349999999,252.928,0.0,
clean_block/x1e3,scale,Two-walk,dense,0,total,0.48358512799677555,0.48562169200000005,0.0,0.0,
clean_block/x1e3,scale,Two-walk,matrix_free,-1,load,0.00494324299870641,0.004943783999999951,0.0,0.0,
clean_block/x1e3,scale,Two-walk,matrix_free,-1,reorder,0.33499570799904177,0.33823821,189.29664,0.0,
clean_block/x1e3,scale,Two-walk,matrix_free,-1,total,0.33500681900113705,0.33824710699999994,0.0,0.0,
clean_block/x1e3,scale,Two-walk,matrix_free,0,load,0.004832585000258405,0.004827326000000021,0.0,0.0,
clean_block/x1e3,scale,Two-walk,matrix_free,0,reorder,0.3322636370030523,0.33499974999999993,189.534208,0.0,
clean_block/x1e3,scale,Two-walk,matrix_free,0,total,0.33227437700043083,0.33500821599999997,0.0,0.0,
clean_block/x1e4,scale,One-walk,dense,-1,load,0.024501672000042163,0.02477562199999994,202.52672,0.0,
clean_block/x1e4,scale,One-walk,dense,-1,reorder,250.05936927700168,251.10812648700002,3719.081984,0.0,
clean_block/x1e4,scale,One-walk,dense,-1,total,250.05938355400212,251.108137287,0.0,0.0,
clean_block/x1e4,scale,One-walk,dense,0,load,0.022835894000309054,0.023095232000000077,205.824,0.0,
clean_block/x1e4,scale,One-walk,dense,0,reorder,294.7549981880002,285.613687647,3719.380992,0.0,
clean_block/x1e4,scale,One-walk,dense,0,total,294.7550129950032,285.613698828,0.0,0.0,
clean_block/x1e4,scale,One-walk,matrix_free,-1,load,0.022694267998303985,0.02297698199999998,205.39392,0.0,
clean_block/x1e4,scale,One-walk,matrix_free,-1,reorder,18.63903350599867,18.802582555,201.048064,0.0,
clean_block/x1e4,scale,One-walk,matrix_free,-1,total,18.63904885499869,18.802593696000002,0.0,0.0,
clean_block/x1e4,scale,One-walk,matrix_free,0,load,0.024079570001049433,0.024392619000000004,203.10016,0.0,
clean_block/x1e4,scale,One-walk,matrix_free,0,reorder,20.10429539300094,20.250274595,201.433088,0.0,
clean_block/x1e4,scale,One-walk,matrix_free,0,total,20.104309219001152,20.250284562999997,0.0,0.0,
clean_block/x1e4,scale,Two-walk,dense,-1,load,0.030594775002100505,0.03065383399999999,204.00128,0.0,
clean_block/x1e4,scale,Two-walk,dense,-1,reorder,270.38907886800007,271.593875993,5329.666048,0.0,
clean_block/x1e4,scale,Two-walk,dense,-1,total,270.389095630002,271.59388781499996,0.0,0.0,
clean_block/x1e4,scale,Two-walk,dense,0,load,0.02806455400059349,0.02842000899999997,205.021184,0.0,
clean_block/x1e4,scale,Two-walk,dense,0,reorder,279.3644144769969,280.480490519,5306.744832,0.0,
clean_block/x1e4,scale,Two-walk,dense,0,total,279.36442949499906,280.48050174,0.0,0.0,
clean_block/x1e4,scale,Two-walk,matrix_free,-1,load,0.022531619997607777,0.022774151999999992,205.08672,0.0,
clean_block/x1e4,scale,Two-walk,matrix_free,-1,reorder,52.44745789999797,53.08885600000001,200.998912,0.0,
clean_block/x1e4,scale,Two-walk,matrix_free,-1,total,52.44747164599903,53.088866339,0.0,0.0,
clean_block/x1e4,scale,Two-walk,matrix_free,0,load,0.022746632999769645,0.023070956999999948,205.283328,0.0,
clean_block/x1e4,scale,Two-walk,matrix_free,0,reorder,51.69517686099789,52.323714125,201.228288,0.0,
clean_block/x1e4,scale,Two-walk,matrix_free,0,total,51.695196066997596,52.323728572,0.0,0.0,
clean_block/x3e4,scale,One-walk,matrix_free,-1,load,0.06584921900139307,0.06672116299999997,236.322816,0.0,
clean_block/x3e4,scale,One-walk,matrix_free,-1,reorder,111.13009263099957,113.222765004,230.35904,0.0,
clean_block/x3e4,scale,One-walk,matrix_free,-1,total,111.13010939200103,113.22277688599999,0.0,0.0,
clean_block/x3e4,scale,One-walk,matrix_free,0,load,0.07605644399882294,0.07741305400000009,242.171904,0.0,
clean_block/x3e4,scale,One-walk,matrix_free,0,reorder,116.26247038099973,118.193250946,227.55328,0.0,
clean_block/x3e4,scale,One-walk,matrix_free,0,total,116.26248602000123,118.193262047,0.0,0.0,
clean_block/x3e4,scale,Two-walk,matrix_free,0,load,0.07449308799914434,0.07561715699999993,241.954816,0.0,
clean_block/x3e4,scale,Two-walk,matrix_free,0,reorder,789.0918718050016,800.852885944,231.530496,0.0,
clean_block/x3e4,scale,Two-walk,matrix_free,0,total,789.0918864520027,800.852896714,0.0,0.0,
