instance_id,suite,family_key,size_key,seed,m,n,nnz,density,n_components,max_component_vertices,max_component_nnz,method,alpha,alpha_sweep,solver,repeat_index,is_warmup,isolation,wall_s,cpu_s,peak_rss_mb,peak_uss_mb,ru_maxrss_mb,operator_footprint_mb,csr_footprint_mb,n_solves,total_matvecs,max_iters,mean_iters,fiedler_lambda2,fiedler_cond,status,error_msg,host_id,git_rev,timestamp
clean_block/x1e3,scale,clean_block,x1e3,0,1000,900,12388,0.013764444444444444,1,1574,12388,One-walk,,,dense,-1,True,process,0.523948907997692,0.5253114649999999,250.544128,177.229824,238.03515625,39.639616,0.156256,1,0,0,0.0,0.023173381336918836,1.0553763718696074,ok,,machine-3a00f8af,,1790851654.4720054
clean_block/x1e3,scale,clean_block,x1e3,0,1000,900,12388,0.013764444444444444,1,1574,12388,One-walk,,,dense,0,False,process,0.4795151349972002,0.48108373000000015,250.589184,177.352704,238.22265625,39.639616,0.156256,1,0,0,0.0,0.023173381336918836,1.0553763718696074,ok,,machine-3a00f8af,,1790851655.965218
clean_block/x1e3,scale,clean_block,x1e3,0,1000,900,12388,0.013764444444444444,1,1574,12388,One-walk,,,matrix_free,-1,True,process,0.10948780000035185,0.11063748699999998,190.267392,136.58112,181.0,39.639616,0.156256,1,3150,3150,3150.0,0.02317338133691869,1.0553763718695948,ok,,machine-3a00f8af,,1790851657.418335
clean_block/x1e3,scale,clean_block,x1e3,0,1000,900,12388,0.013764444444444444,1,1574,12388,One-walk,,,matrix_free,0,False,process,0.11162797900033183,0.11277416400000007,190.21824,136.208384,181.25390625,39.639616,0.156256,1,3150,3150,3150.0,0.02317338133691869,1.0553763718695948,ok,,machine-3a00f8af,,1790851658.4258988
clean_block/x1e3,scale,clean_block,x1e3,0,1000,900,12388,0.013764444444444444,1,1574,12388,Two-walk,1.0,,dense,-1,True,process,0.495849270002509,0.49789847100000006,252.899328,180.011008,242.26171875,39.639616,0.156256,1,0,0,0.0,0.15963786238369929,1.023260431746812,ok,,machine-3a00f8af,,1790851659.4453397
clean_block/x1e3,scale,clean_block,x1e3,0,1000,900,12388,0.013764444444444444,1,1574,12388,Two-walk,1.0,,dense,0,False,process,0.49354766699980246,0.495648267,252.928,179.748864,242.140625,39.639616,0.156256,1,0,0,0.0,0.15963786238369929,1.023260431746812,ok,,machine-3a00f8af,,1790851660.8812444
clean_block/x1e3,scale,clean_block,x1e3,0,1000,900,12388,0.013764444444444444,1,1574,12388,Two-walk,1.0,,matrix_free,-1,True,process,0.3451523109979462,0.348453502,190.009344,136.704,180.84375,39.639616,0.156256,1,7063,7063,7063.0,0.15963786238365024,1.0232604317475142,ok,,machine-3a00f8af,,1790851662.3032057
clean_block/x1e3,scale,clean_block,x1e3,0,1000,900,12388,0.013764444444444444,1,1574,12388,Two-walk,1.0,,matrix_free,0,False,process,0.3423320350011636,0.34509774300000007,190.246912,136.421376,181.16015625,39.639616,0.156256,1,7063,7063,7063.0,0.15963786238365024,1.0232604317475142,ok,,machine-3a00f8af,,1790851663.5392888
clean_block/x1e4,scale,clean_block,x1e4,0,10000,9000,125123,0.0013902555555555555,1,14126,125123,One-walk,,,dense,-1,True,process,250.09524769400014,251.144503049,3719.081984,1745.985536,4763.15625,3192.702016,1.577476,1,0,0,0.0,0.008764532330030085,1.0667253085775457,ok,,machine-3a00f8af,,1790851664.9164946
clean_block/x1e4,scale,clean_block,x1e4,0,10000,9000,125123,0.0013902555555555555,1,14126,125123,One-walk,,,dense,0,False,process,294.7886829050003,285.64772625999996,3719.380992,1746.444288,4763.57421875,3192.702016,1.577476,1,0,0,0.0,0.008764532330030085,1.0667253085775457,ok,,machine-3a00f8af,,1790851915.912326
clean_block/x1e4,scale,clean_block,x1e4,0,10000,9000,125123,0.0013902555555555555,1,14126,125123,One-walk,,,matrix_free,-1,True,process,18.67319415699967,18.837137797,205.39392,146.71872,197.2578125,3192.702016,1.577476,1,62226,62226,62226.0,0.00876453233006885,1.0667253085646038,ok,,machine-3a00f8af,,1790852211.6399958
clean_block/x1e4,scale,clean_block,x1e4,0,10000,9000,125123,0.0013902555555555555,1,14126,125123,One-walk,,,matrix_free,0,False,process,20.139682907996757,20.286186709000003,203.10016,146.649088,197.2890625,3192.702016,1.577476,1,62226,62226,62226.0,0.00876453233006885,1.0667253085646038,ok,,machine-3a00f8af,,1790852231.5142639
clean_block/x1e4,scale,clean_block,x1e4,0,10000,9000,125123,0.0013902555555555555,1,14126,125123,Two-walk,1.0,,dense,-1,True,process,270.4329627719999,271.63792535199997,5329.666048,1777.2544,5099.9921875,3192.702016,1.577476,1,0,0,0.0,0.10244433129085163,1.1077856707179508,ok,,machine-3a00f8af,,1790852252.7674155
clean_block/x1e4,scale,clean_block,x1e4,0,10000,9000,125123,0.0013902555555555555,1,14126,125123,Two-walk,1.0,,dense,0,False,process,279.4046941790002,280.52117555899997,5306.744832,1777.164288,5099.90625,3192.702016,1.577476,1,0,0,0.0,0.10244433129085163,1.1077856707179508,ok,,machine-3a00f8af,,1790852524.240098
clean_block/x1e4,scale,clean_block,x1e4,0,10000,9000,125123,0.0013902555555555555,1,14126,125123,Two-walk,1.0,,matrix_free,-1,True,process,52.48052474100041,53.122279332,205.08672,146.915328,196.9453125,3192.702016,1.577476,1,107297,107297,107297.0,0.10244433129078344,1.1077856707165026,ok,,machine-3a00f8af,,1790852804.6867085
clean_block/x1e4,scale,clean_block,x1e4,0,10000,9000,125123,0.0013902555555555555,1,14126,125123,Two-walk,1.0,,matrix_free,0,False,process,51.730951268000354,52.359948404,205.283328,146.6368,197.0390625,3192.702016,1.577476,1,107297,107297,107297.0,0.10244433129078344,1.1077856707165026,ok,,machine-3a00f8af,,1790852858.104112
clean_block/x3e4,scale,clean_block,x3e4,0,,,,,,,,One-walk,,,dense,,,none,,,,,,51984.0,,,,,,,,predicted_oom,analytic dense footprint 51984 MB,,,
clean_block/x3e4,scale,clean_block,x3e4,0,30000,27000,375994,0.0004641901234567901,1,41902,375994,One-walk,,,matrix_free,-1,True,process,111.22294590999809,113.31705432199999,236.322816,170.176512,234.76171875,28092.441664,4.739928,1,101734,101734,101734.0,0.008699132860512432,1.0189000102728083,ok,,machine-3a00f8af,,1790852910.8043263
clean_block/x3e4,scale,clean_block,x3e4,0,30000,27000,375994,0.0004641901234567901,1,41902,375994,One-walk,,,matrix_free,0,False,process,116.37139332999868,118.304157403,242.171904,169.742336,234.7734375,28092.441664,4.739928,1,101734,101734,101734.0,0.008699132860512432,1.0189000102728083,ok,,machine-3a00f8af,,1790853023.171753
clean_block/x3e4,scale,clean_block,x3e4,0,,,,,,,,Two-walk,,,dense,,,none,,,,,,51984.0,,,,,,,,predicted_oom,analytic dense footprint 51984 MB,,,
clean_block/x3e4,scale,clean_block,x3e4,0,,,,,,,,Two-walk,,,matrix_free,-1,True,process,,,,,,,,,,,,,,timeout,exceeded 900s,machine-3a00f8af,,1790854039.8553572
clean_block/x3e4,scale,clean_block,x3e4,0,30000,27000,375994,0.0004641901234567901,1,41902,375994,Two-walk,1.0,,matrix_free,0,False,process,789.1971219789993,800.959793123,241.954816,170.807296,234.7109375,28092.441664,4.739928,1,393635,393635,393635.0,0.08331518559102077,1.1111145837974703,ok,,machine-3a00f8af,,1790854040.747942
clean_block/x1e5,scale,clean_block,x1e5,0,,,,,,,,One-walk,,,dense,,,none,,,,,,577600.0,,,,,,,,predicted_oom,analytic dense footprint 577600 MB,,,
